frame_id,camera_path,lidar_path,radar_path,ego_vel,decision
n008-2018-08-01-15-16-36-0400__CAM_FRONT__1533151603512404,v1.0-mini/samples\CAM_FRONT\n008-2018-08-01-15-16-36-0400__CAM_FRONT__1533151603512404.jpg,,,,
n008-2018-08-01-15-16-36-0400__CAM_FRONT__1533151604012404,v1.0-mini/samples\CAM_FRONT\n008-2018-08-01-15-16-36-0400__CAM_FRONT__1533151604012404.jpg,,,,
n008-2018-08-01-15-16-36-0400__CAM_FRONT__1533151604512404,v1.0-mini/samples\CAM_FRONT\n008-2018-08-01-15-16-36-0400__CAM_FRONT__1533151604512404.jpg,,,,
n008-2018-08-01-15-16-36-0400__CAM_FRONT__1533151605012404,v1.0-mini/samples\CAM_FRONT\n008-2018-08-01-15-16-36-0400__CAM_FRONT__1533151605012404.jpg,,,,
n008-2018-08-01-15-16-36-0400__CAM_FRONT__1533151605512404,v1.0-mini/samples\CAM_FRONT\n008-2018-08-01-15-16-36-0400__CAM_FRONT__1533151605512404.jpg,,,,
n008-2018-08-01-15-16-36-0400__CAM_FRONT__1533151606012404,v1.0-mini/samples\CAM_FRONT\n008-2018-08-01-15-16-36-0400__CAM_FRONT__1533151606012404.jpg,,,,
n008-2018-08-01-15-16-36-0400__CAM_FRONT__1533151606512404,v1.0-mini/samples\CAM_FRONT\n008-2018-08-01-15-16-36-0400__CAM_FRONT__1533151606512404.jpg,,,,
n008-2018-08-01-15-16-36-0400__CAM_FRONT__1533151607012404,v1.0-mini/samples\CAM_FRONT\n008-2018-08-01-15-16-36-0400__CAM_FRONT__1533151607012404.jpg,,,,
n008-2018-08-01-15-16-36-0400__CAM_FRONT__1533151607512404,v1.0-mini/samples\CAM_FRONT\n008-2018-08-01-15-16-36-0400__CAM_FRONT__1533151607512404.jpg,,,,
n008-2018-08-01-15-16-36-0400__CAM_FRONT__1533151608012404,v1.0-mini/samples\CAM_FRONT\n008-2018-08-01-15-16-36-0400__CAM_FRONT__1533151608012404.jpg,,,,
n008-2018-08-01-15-16-36-0400__CAM_FRONT__1533151608512404,v1.0-mini/samples\CAM_FRONT\n008-2018-08-01-15-16-36-0400__CAM_FRONT__1533151608512404.jpg,,,,
n008-2018-08-01-15-16-36-0400__CAM_FRONT__1533151609012404,v1.0-mini/samples\CAM_FRONT\n008-2018-08-01-15-16-36-0400__CAM_FRONT__1533151609012404.jpg,,,,
n008-2018-08-01-15-16-36-0400__CAM_FRONT__1533151609512404,v1.0-mini/samples\CAM_FRONT\n008-2018-08-01-15-16-36-0400__CAM_FRONT__1533151609512404.jpg,,,,
n008-2018-08-01-15-16-36-0400__CAM_FRONT__1533151609912404,v1.0-mini/samples\CAM_FRONT\n008-2018-08-01-15-16-36-0400__CAM_FRONT__1533151609912404.jpg,,,,
n008-2018-08-01-15-16-36-0400__CAM_FRONT__1533151610412404,v1.0-mini/samples\CAM_FRONT\n008-2018-08-01-15-16-36-0400__CAM_FRONT__1533151610412404.jpg,,,,
n008-2018-08-01-15-16-36-0400__CAM_FRONT__1533151610912404,v1.0-mini/samples\CAM_FRONT\n008-2018-08-01-15-16-36-0400__CAM_FRONT__1533151610912404.jpg,,,,
n008-2018-08-01-15-16-36-0400__CAM_FRONT__1533151611412404,v1.0-mini/samples\CAM_FRONT\n008-2018-08-01-15-16-36-0400__CAM_FRONT__1533151611412404.jpg,,,,
n008-2018-08-01-15-16-36-0400__CAM_FRONT__1533151611862404,v1.0-mini/samples\CAM_FRONT\n008-2018-08-01-15-16-36-0400__CAM_FRONT__1533151611862404.jpg,,,,
n008-2018-08-01-15-16-36-0400__CAM_FRONT__1533151612362404,v1.0-mini/samples\CAM_FRONT\n008-2018-08-01-15-16-36-0400__CAM_FRONT__1533151612362404.jpg,,,,
n008-2018-08-01-15-16-36-0400__CAM_FRONT__1533151612862404,v1.0-mini/samples\CAM_FRONT\n008-2018-08-01-15-16-36-0400__CAM_FRONT__1533151612862404.jpg,,,,
n008-2018-08-01-15-16-36-0400__CAM_FRONT__1533151613362404,v1.0-mini/samples\CAM_FRONT\n008-2018-08-01-15-16-36-0400__CAM_FRONT__1533151613362404.jpg,,,,
n008-2018-08-01-15-16-36-0400__CAM_FRONT__1533151613912404,v1.0-mini/samples\CAM_FRONT\n008-2018-08-01-15-16-36-0400__CAM_FRONT__1533151613912404.jpg,,,,
n008-2018-08-01-15-16-36-0400__CAM_FRONT__1533151614412404,v1.0-mini/samples\CAM_FRONT\n008-2018-08-01-15-16-36-0400__CAM_FRONT__1533151614412404.jpg,,,,
n008-2018-08-01-15-16-36-0400__CAM_FRONT__1533151614912404,v1.0-mini/samples\CAM_FRONT\n008-2018-08-01-15-16-36-0400__CAM_FRONT__1533151614912404.jpg,,,,
n008-2018-08-01-15-16-36-0400__CAM_FRONT__1533151615412404,v1.0-mini/samples\CAM_FRONT\n008-2018-08-01-15-16-36-0400__CAM_FRONT__1533151615412404.jpg,,,,
n008-2018-08-01-15-16-36-0400__CAM_FRONT__1533151615912404,v1.0-mini/samples\CAM_FRONT\n008-2018-08-01-15-16-36-0400__CAM_FRONT__1533151615912404.jpg,,,,
n008-2018-08-01-15-16-36-0400__CAM_FRONT__1533151616412404,v1.0-mini/samples\CAM_FRONT\n008-2018-08-01-15-16-36-0400__CAM_FRONT__1533151616412404.jpg,,,,
n008-2018-08-01-15-16-36-0400__CAM_FRONT__1533151616912404,v1.0-mini/samples\CAM_FRONT\n008-2018-08-01-15-16-36-0400__CAM_FRONT__1533151616912404.jpg,,,,
n008-2018-08-01-15-16-36-0400__CAM_FRONT__1533151617362404,v1.0-mini/samples\CAM_FRONT\n008-2018-08-01-15-16-36-0400__CAM_FRONT__1533151617362404.jpg,,,,
n008-2018-08-01-15-16-36-0400__CAM_FRONT__1533151617912404,v1.0-mini/samples\CAM_FRONT\n008-2018-08-01-15-16-36-0400__CAM_FRONT__1533151617912404.jpg,,,,
n008-2018-08-01-15-16-36-0400__CAM_FRONT__1533151618412404,v1.0-mini/samples\CAM_FRONT\n008-2018-08-01-15-16-36-0400__CAM_FRONT__1533151618412404.jpg,,,,
n008-2018-08-01-15-16-36-0400__CAM_FRONT__1533151618912404,v1.0-mini/samples\CAM_FRONT\n008-2018-08-01-15-16-36-0400__CAM_FRONT__1533151618912404.jpg,,,,
n008-2018-08-01-15-16-36-0400__CAM_FRONT__1533151619412404,v1.0-mini/samples\CAM_FRONT\n008-2018-08-01-15-16-36-0400__CAM_FRONT__1533151619412404.jpg,,,,
n008-2018-08-01-15-16-36-0400__CAM_FRONT__1533151619912458,v1.0-mini/samples\CAM_FRONT\n008-2018-08-01-15-16-36-0400__CAM_FRONT__1533151619912458.jpg,,,,
n008-2018-08-01-15-16-36-0400__CAM_FRONT__1533151620412404,v1.0-mini/samples\CAM_FRONT\n008-2018-08-01-15-16-36-0400__CAM_FRONT__1533151620412404.jpg,,,,
n008-2018-08-01-15-16-36-0400__CAM_FRONT__1533151621012404,v1.0-mini/samples\CAM_FRONT\n008-2018-08-01-15-16-36-0400__CAM_FRONT__1533151621012404.jpg,,,,
n008-2018-08-01-15-16-36-0400__CAM_FRONT__1533151621412404,v1.0-mini/samples\CAM_FRONT\n008-2018-08-01-15-16-36-0400__CAM_FRONT__1533151621412404.jpg,,,,
n008-2018-08-01-15-16-36-0400__CAM_FRONT__1533151621912404,v1.0-mini/samples\CAM_FRONT\n008-2018-08-01-15-16-36-0400__CAM_FRONT__1533151621912404.jpg,,,,
n008-2018-08-01-15-16-36-0400__CAM_FRONT__1533151622412404,v1.0-mini/samples\CAM_FRONT\n008-2018-08-01-15-16-36-0400__CAM_FRONT__1533151622412404.jpg,,,,
n008-2018-08-01-15-16-36-0400__CAM_FRONT__1533151622912404,v1.0-mini/samples\CAM_FRONT\n008-2018-08-01-15-16-36-0400__CAM_FRONT__1533151622912404.jpg,,,,
n008-2018-08-01-15-16-36-0400__LIDAR_TOP__1533151603547590.pcd,,v1.0-mini/samples\LIDAR_TOP\n008-2018-08-01-15-16-36-0400__LIDAR_TOP__1533151603547590.pcd.bin,,,
n008-2018-08-01-15-16-36-0400__LIDAR_TOP__1533151604048025.pcd,,v1.0-mini/samples\LIDAR_TOP\n008-2018-08-01-15-16-36-0400__LIDAR_TOP__1533151604048025.pcd.bin,,,
n008-2018-08-01-15-16-36-0400__LIDAR_TOP__1533151604547893.pcd,,v1.0-mini/samples\LIDAR_TOP\n008-2018-08-01-15-16-36-0400__LIDAR_TOP__1533151604547893.pcd.bin,,,
n008-2018-08-01-15-16-36-0400__LIDAR_TOP__1533151605047769.pcd,,v1.0-mini/samples\LIDAR_TOP\n008-2018-08-01-15-16-36-0400__LIDAR_TOP__1533151605047769.pcd.bin,,,
n008-2018-08-01-15-16-36-0400__LIDAR_TOP__1533151605548192.pcd,,v1.0-mini/samples\LIDAR_TOP\n008-2018-08-01-15-16-36-0400__LIDAR_TOP__1533151605548192.pcd.bin,,,
n008-2018-08-01-15-16-36-0400__LIDAR_TOP__1533151606048630.pcd,,v1.0-mini/samples\LIDAR_TOP\n008-2018-08-01-15-16-36-0400__LIDAR_TOP__1533151606048630.pcd.bin,,,
n008-2018-08-01-15-16-36-0400__LIDAR_TOP__1533151606549066.pcd,,v1.0-mini/samples\LIDAR_TOP\n008-2018-08-01-15-16-36-0400__LIDAR_TOP__1533151606549066.pcd.bin,,,
n008-2018-08-01-15-16-36-0400__LIDAR_TOP__1533151607048933.pcd,,v1.0-mini/samples\LIDAR_TOP\n008-2018-08-01-15-16-36-0400__LIDAR_TOP__1533151607048933.pcd.bin,,,
n008-2018-08-01-15-16-36-0400__LIDAR_TOP__1533151607548824.pcd,,v1.0-mini/samples\LIDAR_TOP\n008-2018-08-01-15-16-36-0400__LIDAR_TOP__1533151607548824.pcd.bin,,,
n008-2018-08-01-15-16-36-0400__LIDAR_TOP__1533151608048151.pcd,,v1.0-mini/samples\LIDAR_TOP\n008-2018-08-01-15-16-36-0400__LIDAR_TOP__1533151608048151.pcd.bin,,,
n008-2018-08-01-15-16-36-0400__LIDAR_TOP__1533151608548020.pcd,,v1.0-mini/samples\LIDAR_TOP\n008-2018-08-01-15-16-36-0400__LIDAR_TOP__1533151608548020.pcd.bin,,,
n008-2018-08-01-15-16-36-0400__LIDAR_TOP__1533151609047890.pcd,,v1.0-mini/samples\LIDAR_TOP\n008-2018-08-01-15-16-36-0400__LIDAR_TOP__1533151609047890.pcd.bin,,,
n008-2018-08-01-15-16-36-0400__LIDAR_TOP__1533151609547766.pcd,,v1.0-mini/samples\LIDAR_TOP\n008-2018-08-01-15-16-36-0400__LIDAR_TOP__1533151609547766.pcd.bin,,,
n008-2018-08-01-15-16-36-0400__LIDAR_TOP__1533151609947025.pcd,,v1.0-mini/samples\LIDAR_TOP\n008-2018-08-01-15-16-36-0400__LIDAR_TOP__1533151609947025.pcd.bin,,,
n008-2018-08-01-15-16-36-0400__LIDAR_TOP__1533151610446899.pcd,,v1.0-mini/samples\LIDAR_TOP\n008-2018-08-01-15-16-36-0400__LIDAR_TOP__1533151610446899.pcd.bin,,,
n008-2018-08-01-15-16-36-0400__LIDAR_TOP__1533151610946785.pcd,,v1.0-mini/samples\LIDAR_TOP\n008-2018-08-01-15-16-36-0400__LIDAR_TOP__1533151610946785.pcd.bin,,,
n008-2018-08-01-15-16-36-0400__LIDAR_TOP__1533151611446636.pcd,,v1.0-mini/samples\LIDAR_TOP\n008-2018-08-01-15-16-36-0400__LIDAR_TOP__1533151611446636.pcd.bin,,,
n008-2018-08-01-15-16-36-0400__LIDAR_TOP__1533151611896734.pcd,,v1.0-mini/samples\LIDAR_TOP\n008-2018-08-01-15-16-36-0400__LIDAR_TOP__1533151611896734.pcd.bin,,,
n008-2018-08-01-15-16-36-0400__LIDAR_TOP__1533151612397179.pcd,,v1.0-mini/samples\LIDAR_TOP\n008-2018-08-01-15-16-36-0400__LIDAR_TOP__1533151612397179.pcd.bin,,,
n008-2018-08-01-15-16-36-0400__LIDAR_TOP__1533151612897588.pcd,,v1.0-mini/samples\LIDAR_TOP\n008-2018-08-01-15-16-36-0400__LIDAR_TOP__1533151612897588.pcd.bin,,,
n008-2018-08-01-15-16-36-0400__LIDAR_TOP__1533151613398020.pcd,,v1.0-mini/samples\LIDAR_TOP\n008-2018-08-01-15-16-36-0400__LIDAR_TOP__1533151613398020.pcd.bin,,,
n008-2018-08-01-15-16-36-0400__LIDAR_TOP__1533151613948222.pcd,,v1.0-mini/samples\LIDAR_TOP\n008-2018-08-01-15-16-36-0400__LIDAR_TOP__1533151613948222.pcd.bin,,,
n008-2018-08-01-15-16-36-0400__LIDAR_TOP__1533151614450164.pcd,,v1.0-mini/samples\LIDAR_TOP\n008-2018-08-01-15-16-36-0400__LIDAR_TOP__1533151614450164.pcd.bin,,,
n008-2018-08-01-15-16-36-0400__LIDAR_TOP__1533151614948536.pcd,,v1.0-mini/samples\LIDAR_TOP\n008-2018-08-01-15-16-36-0400__LIDAR_TOP__1533151614948536.pcd.bin,,,
n008-2018-08-01-15-16-36-0400__LIDAR_TOP__1533151615448397.pcd,,v1.0-mini/samples\LIDAR_TOP\n008-2018-08-01-15-16-36-0400__LIDAR_TOP__1533151615448397.pcd.bin,,,
n008-2018-08-01-15-16-36-0400__LIDAR_TOP__1533151615947733.pcd,,v1.0-mini/samples\LIDAR_TOP\n008-2018-08-01-15-16-36-0400__LIDAR_TOP__1533151615947733.pcd.bin,,,
n008-2018-08-01-15-16-36-0400__LIDAR_TOP__1533151616447606.pcd,,v1.0-mini/samples\LIDAR_TOP\n008-2018-08-01-15-16-36-0400__LIDAR_TOP__1533151616447606.pcd.bin,,,
n008-2018-08-01-15-16-36-0400__LIDAR_TOP__1533151616947490.pcd,,v1.0-mini/samples\LIDAR_TOP\n008-2018-08-01-15-16-36-0400__LIDAR_TOP__1533151616947490.pcd.bin,,,
n008-2018-08-01-15-16-36-0400__LIDAR_TOP__1533151617397050.pcd,,v1.0-mini/samples\LIDAR_TOP\n008-2018-08-01-15-16-36-0400__LIDAR_TOP__1533151617397050.pcd.bin,,,
n008-2018-08-01-15-16-36-0400__LIDAR_TOP__1533151617947237.pcd,,v1.0-mini/samples\LIDAR_TOP\n008-2018-08-01-15-16-36-0400__LIDAR_TOP__1533151617947237.pcd.bin,,,
n008-2018-08-01-15-16-36-0400__LIDAR_TOP__1533151618447134.pcd,,v1.0-mini/samples\LIDAR_TOP\n008-2018-08-01-15-16-36-0400__LIDAR_TOP__1533151618447134.pcd.bin,,,
n008-2018-08-01-15-16-36-0400__LIDAR_TOP__1533151618946993.pcd,,v1.0-mini/samples\LIDAR_TOP\n008-2018-08-01-15-16-36-0400__LIDAR_TOP__1533151618946993.pcd.bin,,,
n008-2018-08-01-15-16-36-0400__LIDAR_TOP__1533151619446866.pcd,,v1.0-mini/samples\LIDAR_TOP\n008-2018-08-01-15-16-36-0400__LIDAR_TOP__1533151619446866.pcd.bin,,,
n008-2018-08-01-15-16-36-0400__LIDAR_TOP__1533151619947313.pcd,,v1.0-mini/samples\LIDAR_TOP\n008-2018-08-01-15-16-36-0400__LIDAR_TOP__1533151619947313.pcd.bin,,,
n008-2018-08-01-15-16-36-0400__LIDAR_TOP__1533151620447745.pcd,,v1.0-mini/samples\LIDAR_TOP\n008-2018-08-01-15-16-36-0400__LIDAR_TOP__1533151620447745.pcd.bin,,,
n008-2018-08-01-15-16-36-0400__LIDAR_TOP__1533151621047706.pcd,,v1.0-mini/samples\LIDAR_TOP\n008-2018-08-01-15-16-36-0400__LIDAR_TOP__1533151621047706.pcd.bin,,,
n008-2018-08-01-15-16-36-0400__LIDAR_TOP__1533151621448049.pcd,,v1.0-mini/samples\LIDAR_TOP\n008-2018-08-01-15-16-36-0400__LIDAR_TOP__1533151621448049.pcd.bin,,,
n008-2018-08-01-15-16-36-0400__LIDAR_TOP__1533151621947928.pcd,,v1.0-mini/samples\LIDAR_TOP\n008-2018-08-01-15-16-36-0400__LIDAR_TOP__1533151621947928.pcd.bin,,,
n008-2018-08-01-15-16-36-0400__LIDAR_TOP__1533151622448916.pcd,,v1.0-mini/samples\LIDAR_TOP\n008-2018-08-01-15-16-36-0400__LIDAR_TOP__1533151622448916.pcd.bin,,,
n008-2018-08-01-15-16-36-0400__LIDAR_TOP__1533151622948227.pcd,,v1.0-mini/samples\LIDAR_TOP\n008-2018-08-01-15-16-36-0400__LIDAR_TOP__1533151622948227.pcd.bin,,,
n008-2018-08-27-11-48-51-0400__CAM_FRONT__1535385092112404,v1.0-mini/samples\CAM_FRONT\n008-2018-08-27-11-48-51-0400__CAM_FRONT__1535385092112404.jpg,,,,
n008-2018-08-27-11-48-51-0400__CAM_FRONT__1535385092662404,v1.0-mini/samples\CAM_FRONT\n008-2018-08-27-11-48-51-0400__CAM_FRONT__1535385092662404.jpg,,,,
n008-2018-08-27-11-48-51-0400__CAM_FRONT__1535385093162404,v1.0-mini/samples\CAM_FRONT\n008-2018-08-27-11-48-51-0400__CAM_FRONT__1535385093162404.jpg,,,,
n008-2018-08-27-11-48-51-0400__CAM_FRONT__1535385093612404,v1.0-mini/samples\CAM_FRONT\n008-2018-08-27-11-48-51-0400__CAM_FRONT__1535385093612404.jpg,,,,
n008-2018-08-27-11-48-51-0400__CAM_FRONT__1535385094112404,v1.0-mini/samples\CAM_FRONT\n008-2018-08-27-11-48-51-0400__CAM_FRONT__1535385094112404.jpg,,,,
n008-2018-08-27-11-48-51-0400__CAM_FRONT__1535385094512404,v1.0-mini/samples\CAM_FRONT\n008-2018-08-27-11-48-51-0400__CAM_FRONT__1535385094512404.jpg,,,,
n008-2018-08-27-11-48-51-0400__CAM_FRONT__1535385094912404,v1.0-mini/samples\CAM_FRONT\n008-2018-08-27-11-48-51-0400__CAM_FRONT__1535385094912404.jpg,,,,
n008-2018-08-27-11-48-51-0400__CAM_FRONT__1535385095412404,v1.0-mini/samples\CAM_FRONT\n008-2018-08-27-11-48-51-0400__CAM_FRONT__1535385095412404.jpg,,,,
n008-2018-08-27-11-48-51-0400__CAM_FRONT__1535385095912404,v1.0-mini/samples\CAM_FRONT\n008-2018-08-27-11-48-51-0400__CAM_FRONT__1535385095912404.jpg,,,,
n008-2018-08-27-11-48-51-0400__CAM_FRONT__1535385096362404,v1.0-mini/samples\CAM_FRONT\n008-2018-08-27-11-48-51-0400__CAM_FRONT__1535385096362404.jpg,,,,
n008-2018-08-27-11-48-51-0400__CAM_FRONT__1535385096862404,v1.0-mini/samples\CAM_FRONT\n008-2018-08-27-11-48-51-0400__CAM_FRONT__1535385096862404.jpg,,,,
n008-2018-08-27-11-48-51-0400__CAM_FRONT__1535385097362404,v1.0-mini/samples\CAM_FRONT\n008-2018-08-27-11-48-51-0400__CAM_FRONT__1535385097362404.jpg,,,,
n008-2018-08-27-11-48-51-0400__CAM_FRONT__1535385097862411,v1.0-mini/samples\CAM_FRONT\n008-2018-08-27-11-48-51-0400__CAM_FRONT__1535385097862411.jpg,,,,
n008-2018-08-27-11-48-51-0400__CAM_FRONT__1535385098362404,v1.0-mini/samples\CAM_FRONT\n008-2018-08-27-11-48-51-0400__CAM_FRONT__1535385098362404.jpg,,,,
n008-2018-08-27-11-48-51-0400__CAM_FRONT__1535385098862404,v1.0-mini/samples\CAM_FRONT\n008-2018-08-27-11-48-51-0400__CAM_FRONT__1535385098862404.jpg,,,,
n008-2018-08-27-11-48-51-0400__CAM_FRONT__1535385099362404,v1.0-mini/samples\CAM_FRONT\n008-2018-08-27-11-48-51-0400__CAM_FRONT__1535385099362404.jpg,,,,
n008-2018-08-27-11-48-51-0400__CAM_FRONT__1535385099862404,v1.0-mini/samples\CAM_FRONT\n008-2018-08-27-11-48-51-0400__CAM_FRONT__1535385099862404.jpg,,,,
n008-2018-08-27-11-48-51-0400__CAM_FRONT__1535385100362404,v1.0-mini/samples\CAM_FRONT\n008-2018-08-27-11-48-51-0400__CAM_FRONT__1535385100362404.jpg,,,,
n008-2018-08-27-11-48-51-0400__CAM_FRONT__1535385100862404,v1.0-mini/samples\CAM_FRONT\n008-2018-08-27-11-48-51-0400__CAM_FRONT__1535385100862404.jpg,,,,
n008-2018-08-27-11-48-51-0400__CAM_FRONT__1535385101362404,v1.0-mini/samples\CAM_FRONT\n008-2018-08-27-11-48-51-0400__CAM_FRONT__1535385101362404.jpg,,,,
n008-2018-08-27-11-48-51-0400__CAM_FRONT__1535385101912404,v1.0-mini/samples\CAM_FRONT\n008-2018-08-27-11-48-51-0400__CAM_FRONT__1535385101912404.jpg,,,,
n008-2018-08-27-11-48-51-0400__CAM_FRONT__1535385102412404,v1.0-mini/samples\CAM_FRONT\n008-2018-08-27-11-48-51-0400__CAM_FRONT__1535385102412404.jpg,,,,
n008-2018-08-27-11-48-51-0400__CAM_FRONT__1535385102912404,v1.0-mini/samples\CAM_FRONT\n008-2018-08-27-11-48-51-0400__CAM_FRONT__1535385102912404.jpg,,,,
n008-2018-08-27-11-48-51-0400__CAM_FRONT__1535385103412404,v1.0-mini/samples\CAM_FRONT\n008-2018-08-27-11-48-51-0400__CAM_FRONT__1535385103412404.jpg,,,,
n008-2018-08-27-11-48-51-0400__CAM_FRONT__1535385103912404,v1.0-mini/samples\CAM_FRONT\n008-2018-08-27-11-48-51-0400__CAM_FRONT__1535385103912404.jpg,,,,
n008-2018-08-27-11-48-51-0400__CAM_FRONT__1535385104412404,v1.0-mini/samples\CAM_FRONT\n008-2018-08-27-11-48-51-0400__CAM_FRONT__1535385104412404.jpg,,,,
n008-2018-08-27-11-48-51-0400__CAM_FRONT__1535385104912404,v1.0-mini/samples\CAM_FRONT\n008-2018-08-27-11-48-51-0400__CAM_FRONT__1535385104912404.jpg,,,,
n008-2018-08-27-11-48-51-0400__CAM_FRONT__1535385105412404,v1.0-mini/samples\CAM_FRONT\n008-2018-08-27-11-48-51-0400__CAM_FRONT__1535385105412404.jpg,,,,
n008-2018-08-27-11-48-51-0400__CAM_FRONT__1535385105912404,v1.0-mini/samples\CAM_FRONT\n008-2018-08-27-11-48-51-0400__CAM_FRONT__1535385105912404.jpg,,,,
n008-2018-08-27-11-48-51-0400__CAM_FRONT__1535385106412404,v1.0-mini/samples\CAM_FRONT\n008-2018-08-27-11-48-51-0400__CAM_FRONT__1535385106412404.jpg,,,,
n008-2018-08-27-11-48-51-0400__CAM_FRONT__1535385106912404,v1.0-mini/samples\CAM_FRONT\n008-2018-08-27-11-48-51-0400__CAM_FRONT__1535385106912404.jpg,,,,
n008-2018-08-27-11-48-51-0400__CAM_FRONT__1535385107412404,v1.0-mini/samples\CAM_FRONT\n008-2018-08-27-11-48-51-0400__CAM_FRONT__1535385107412404.jpg,,,,
n008-2018-08-27-11-48-51-0400__CAM_FRONT__1535385107912404,v1.0-mini/samples\CAM_FRONT\n008-2018-08-27-11-48-51-0400__CAM_FRONT__1535385107912404.jpg,,,,
n008-2018-08-27-11-48-51-0400__CAM_FRONT__1535385108412412,v1.0-mini/samples\CAM_FRONT\n008-2018-08-27-11-48-51-0400__CAM_FRONT__1535385108412412.jpg,,,,
n008-2018-08-27-11-48-51-0400__CAM_FRONT__1535385108912404,v1.0-mini/samples\CAM_FRONT\n008-2018-08-27-11-48-51-0400__CAM_FRONT__1535385108912404.jpg,,,,
n008-2018-08-27-11-48-51-0400__CAM_FRONT__1535385109362404,v1.0-mini/samples\CAM_FRONT\n008-2018-08-27-11-48-51-0400__CAM_FRONT__1535385109362404.jpg,,,,
n008-2018-08-27-11-48-51-0400__CAM_FRONT__1535385109862404,v1.0-mini/samples\CAM_FRONT\n008-2018-08-27-11-48-51-0400__CAM_FRONT__1535385109862404.jpg,,,,
n008-2018-08-27-11-48-51-0400__CAM_FRONT__1535385110412404,v1.0-mini/samples\CAM_FRONT\n008-2018-08-27-11-48-51-0400__CAM_FRONT__1535385110412404.jpg,,,,
n008-2018-08-27-11-48-51-0400__CAM_FRONT__1535385110912404,v1.0-mini/samples\CAM_FRONT\n008-2018-08-27-11-48-51-0400__CAM_FRONT__1535385110912404.jpg,,,,
n008-2018-08-27-11-48-51-0400__CAM_FRONT__1535385111412404,v1.0-mini/samples\CAM_FRONT\n008-2018-08-27-11-48-51-0400__CAM_FRONT__1535385111412404.jpg,,,,
n008-2018-08-27-11-48-51-0400__CAM_FRONT__1535385111912404,v1.0-mini/samples\CAM_FRONT\n008-2018-08-27-11-48-51-0400__CAM_FRONT__1535385111912404.jpg,,,,
n008-2018-08-27-11-48-51-0400__LIDAR_TOP__1535385092150099.pcd,,v1.0-mini/samples\LIDAR_TOP\n008-2018-08-27-11-48-51-0400__LIDAR_TOP__1535385092150099.pcd.bin,,,
n008-2018-08-27-11-48-51-0400__LIDAR_TOP__1535385092700299.pcd,,v1.0-mini/samples\LIDAR_TOP\n008-2018-08-27-11-48-51-0400__LIDAR_TOP__1535385092700299.pcd.bin,,,
n008-2018-08-27-11-48-51-0400__LIDAR_TOP__1535385093200183.pcd,,v1.0-mini/samples\LIDAR_TOP\n008-2018-08-27-11-48-51-0400__LIDAR_TOP__1535385093200183.pcd.bin,,,
n008-2018-08-27-11-48-51-0400__LIDAR_TOP__1535385093650312.pcd,,v1.0-mini/samples\LIDAR_TOP\n008-2018-08-27-11-48-51-0400__LIDAR_TOP__1535385093650312.pcd.bin,,,
n008-2018-08-27-11-48-51-0400__LIDAR_TOP__1535385094150195.pcd,,v1.0-mini/samples\LIDAR_TOP\n008-2018-08-27-11-48-51-0400__LIDAR_TOP__1535385094150195.pcd.bin,,,
n008-2018-08-27-11-48-51-0400__LIDAR_TOP__1535385094550004.pcd,,v1.0-mini/samples\LIDAR_TOP\n008-2018-08-27-11-48-51-0400__LIDAR_TOP__1535385094550004.pcd.bin,,,
n008-2018-08-27-11-48-51-0400__LIDAR_TOP__1535385094949783.pcd,,v1.0-mini/samples\LIDAR_TOP\n008-2018-08-27-11-48-51-0400__LIDAR_TOP__1535385094949783.pcd.bin,,,
n008-2018-08-27-11-48-51-0400__LIDAR_TOP__1535385095449675.pcd,,v1.0-mini/samples\LIDAR_TOP\n008-2018-08-27-11-48-51-0400__LIDAR_TOP__1535385095449675.pcd.bin,,,
n008-2018-08-27-11-48-51-0400__LIDAR_TOP__1535385095949554.pcd,,v1.0-mini/samples\LIDAR_TOP\n008-2018-08-27-11-48-51-0400__LIDAR_TOP__1535385095949554.pcd.bin,,,
n008-2018-08-27-11-48-51-0400__LIDAR_TOP__1535385096399680.pcd,,v1.0-mini/samples\LIDAR_TOP\n008-2018-08-27-11-48-51-0400__LIDAR_TOP__1535385096399680.pcd.bin,,,
n008-2018-08-27-11-48-51-0400__LIDAR_TOP__1535385096900138.pcd,,v1.0-mini/samples\LIDAR_TOP\n008-2018-08-27-11-48-51-0400__LIDAR_TOP__1535385096900138.pcd.bin,,,
n008-2018-08-27-11-48-51-0400__LIDAR_TOP__1535385097400558.pcd,,v1.0-mini/samples\LIDAR_TOP\n008-2018-08-27-11-48-51-0400__LIDAR_TOP__1535385097400558.pcd.bin,,,
n008-2018-08-27-11-48-51-0400__LIDAR_TOP__1535385097901019.pcd,,v1.0-mini/samples\LIDAR_TOP\n008-2018-08-27-11-48-51-0400__LIDAR_TOP__1535385097901019.pcd.bin,,,
n008-2018-08-27-11-48-51-0400__LIDAR_TOP__1535385098400887.pcd,,v1.0-mini/samples\LIDAR_TOP\n008-2018-08-27-11-48-51-0400__LIDAR_TOP__1535385098400887.pcd.bin,,,
n008-2018-08-27-11-48-51-0400__LIDAR_TOP__1535385098900804.pcd,,v1.0-mini/samples\LIDAR_TOP\n008-2018-08-27-11-48-51-0400__LIDAR_TOP__1535385098900804.pcd.bin,,,
n008-2018-08-27-11-48-51-0400__LIDAR_TOP__1535385099400097.pcd,,v1.0-mini/samples\LIDAR_TOP\n008-2018-08-27-11-48-51-0400__LIDAR_TOP__1535385099400097.pcd.bin,,,
n008-2018-08-27-11-48-51-0400__LIDAR_TOP__1535385099899436.pcd,,v1.0-mini/samples\LIDAR_TOP\n008-2018-08-27-11-48-51-0400__LIDAR_TOP__1535385099899436.pcd.bin,,,
n008-2018-08-27-11-48-51-0400__LIDAR_TOP__1535385100398781.pcd,,v1.0-mini/samples\LIDAR_TOP\n008-2018-08-27-11-48-51-0400__LIDAR_TOP__1535385100398781.pcd.bin,,,
n008-2018-08-27-11-48-51-0400__LIDAR_TOP__1535385100898103.pcd,,v1.0-mini/samples\LIDAR_TOP\n008-2018-08-27-11-48-51-0400__LIDAR_TOP__1535385100898103.pcd.bin,,,
n008-2018-08-27-11-48-51-0400__LIDAR_TOP__1535385101398009.pcd,,v1.0-mini/samples\LIDAR_TOP\n008-2018-08-27-11-48-51-0400__LIDAR_TOP__1535385101398009.pcd.bin,,,
n008-2018-08-27-11-48-51-0400__LIDAR_TOP__1535385101947644.pcd,,v1.0-mini/samples\LIDAR_TOP\n008-2018-08-27-11-48-51-0400__LIDAR_TOP__1535385101947644.pcd.bin,,,
n008-2018-08-27-11-48-51-0400__LIDAR_TOP__1535385102447561.pcd,,v1.0-mini/samples\LIDAR_TOP\n008-2018-08-27-11-48-51-0400__LIDAR_TOP__1535385102447561.pcd.bin,,,
n008-2018-08-27-11-48-51-0400__LIDAR_TOP__1535385102947981.pcd,,v1.0-mini/samples\LIDAR_TOP\n008-2018-08-27-11-48-51-0400__LIDAR_TOP__1535385102947981.pcd.bin,,,
n008-2018-08-27-11-48-51-0400__LIDAR_TOP__1535385103447886.pcd,,v1.0-mini/samples\LIDAR_TOP\n008-2018-08-27-11-48-51-0400__LIDAR_TOP__1535385103447886.pcd.bin,,,
n008-2018-08-27-11-48-51-0400__LIDAR_TOP__1535385103948321.pcd,,v1.0-mini/samples\LIDAR_TOP\n008-2018-08-27-11-48-51-0400__LIDAR_TOP__1535385103948321.pcd.bin,,,
n008-2018-08-27-11-48-51-0400__LIDAR_TOP__1535385104448758.pcd,,v1.0-mini/samples\LIDAR_TOP\n008-2018-08-27-11-48-51-0400__LIDAR_TOP__1535385104448758.pcd.bin,,,
n008-2018-08-27-11-48-51-0400__LIDAR_TOP__1535385104949764.pcd,,v1.0-mini/samples\LIDAR_TOP\n008-2018-08-27-11-48-51-0400__LIDAR_TOP__1535385104949764.pcd.bin,,,
n008-2018-08-27-11-48-51-0400__LIDAR_TOP__1535385105450180.pcd,,v1.0-mini/samples\LIDAR_TOP\n008-2018-08-27-11-48-51-0400__LIDAR_TOP__1535385105450180.pcd.bin,,,
n008-2018-08-27-11-48-51-0400__LIDAR_TOP__1535385105950634.pcd,,v1.0-mini/samples\LIDAR_TOP\n008-2018-08-27-11-48-51-0400__LIDAR_TOP__1535385105950634.pcd.bin,,,
n008-2018-08-27-11-48-51-0400__LIDAR_TOP__1535385106451625.pcd,,v1.0-mini/samples\LIDAR_TOP\n008-2018-08-27-11-48-51-0400__LIDAR_TOP__1535385106451625.pcd.bin,,,
n008-2018-08-27-11-48-51-0400__LIDAR_TOP__1535385106952072.pcd,,v1.0-mini/samples\LIDAR_TOP\n008-2018-08-27-11-48-51-0400__LIDAR_TOP__1535385106952072.pcd.bin,,,
n008-2018-08-27-11-48-51-0400__LIDAR_TOP__1535385107452513.pcd,,v1.0-mini/samples\LIDAR_TOP\n008-2018-08-27-11-48-51-0400__LIDAR_TOP__1535385107452513.pcd.bin,,,
n008-2018-08-27-11-48-51-0400__LIDAR_TOP__1535385107953148.pcd,,v1.0-mini/samples\LIDAR_TOP\n008-2018-08-27-11-48-51-0400__LIDAR_TOP__1535385107953148.pcd.bin,,,
n008-2018-08-27-11-48-51-0400__LIDAR_TOP__1535385108451734.pcd,,v1.0-mini/samples\LIDAR_TOP\n008-2018-08-27-11-48-51-0400__LIDAR_TOP__1535385108451734.pcd.bin,,,
n008-2018-08-27-11-48-51-0400__LIDAR_TOP__1535385108951051.pcd,,v1.0-mini/samples\LIDAR_TOP\n008-2018-08-27-11-48-51-0400__LIDAR_TOP__1535385108951051.pcd.bin,,,
n008-2018-08-27-11-48-51-0400__LIDAR_TOP__1535385109400618.pcd,,v1.0-mini/samples\LIDAR_TOP\n008-2018-08-27-11-48-51-0400__LIDAR_TOP__1535385109400618.pcd.bin,,,
n008-2018-08-27-11-48-51-0400__LIDAR_TOP__1535385109899957.pcd,,v1.0-mini/samples\LIDAR_TOP\n008-2018-08-27-11-48-51-0400__LIDAR_TOP__1535385109899957.pcd.bin,,,
n008-2018-08-27-11-48-51-0400__LIDAR_TOP__1535385110449087.pcd,,v1.0-mini/samples\LIDAR_TOP\n008-2018-08-27-11-48-51-0400__LIDAR_TOP__1535385110449087.pcd.bin,,,
n008-2018-08-27-11-48-51-0400__LIDAR_TOP__1535385110948962.pcd,,v1.0-mini/samples\LIDAR_TOP\n008-2018-08-27-11-48-51-0400__LIDAR_TOP__1535385110948962.pcd.bin,,,
n008-2018-08-27-11-48-51-0400__LIDAR_TOP__1535385111448839.pcd,,v1.0-mini/samples\LIDAR_TOP\n008-2018-08-27-11-48-51-0400__LIDAR_TOP__1535385111448839.pcd.bin,,,
n008-2018-08-27-11-48-51-0400__LIDAR_TOP__1535385111949270.pcd,,v1.0-mini/samples\LIDAR_TOP\n008-2018-08-27-11-48-51-0400__LIDAR_TOP__1535385111949270.pcd.bin,,,
n008-2018-08-28-16-43-51-0400__CAM_FRONT__1535489296012404,v1.0-mini/samples\CAM_FRONT\n008-2018-08-28-16-43-51-0400__CAM_FRONT__1535489296012404.jpg,,,,
n008-2018-08-28-16-43-51-0400__CAM_FRONT__1535489296512409,v1.0-mini/samples\CAM_FRONT\n008-2018-08-28-16-43-51-0400__CAM_FRONT__1535489296512409.jpg,,,,
n008-2018-08-28-16-43-51-0400__CAM_FRONT__1535489297012404,v1.0-mini/samples\CAM_FRONT\n008-2018-08-28-16-43-51-0400__CAM_FRONT__1535489297012404.jpg,,,,
n008-2018-08-28-16-43-51-0400__CAM_FRONT__1535489297512404,v1.0-mini/samples\CAM_FRONT\n008-2018-08-28-16-43-51-0400__CAM_FRONT__1535489297512404.jpg,,,,
n008-2018-08-28-16-43-51-0400__CAM_FRONT__1535489298012404,v1.0-mini/samples\CAM_FRONT\n008-2018-08-28-16-43-51-0400__CAM_FRONT__1535489298012404.jpg,,,,
n008-2018-08-28-16-43-51-0400__CAM_FRONT__1535489298512404,v1.0-mini/samples\CAM_FRONT\n008-2018-08-28-16-43-51-0400__CAM_FRONT__1535489298512404.jpg,,,,
n008-2018-08-28-16-43-51-0400__CAM_FRONT__1535489299012404,v1.0-mini/samples\CAM_FRONT\n008-2018-08-28-16-43-51-0400__CAM_FRONT__1535489299012404.jpg,,,,
n008-2018-08-28-16-43-51-0400__CAM_FRONT__1535489299512404,v1.0-mini/samples\CAM_FRONT\n008-2018-08-28-16-43-51-0400__CAM_FRONT__1535489299512404.jpg,,,,
n008-2018-08-28-16-43-51-0400__CAM_FRONT__1535489300012404,v1.0-mini/samples\CAM_FRONT\n008-2018-08-28-16-43-51-0400__CAM_FRONT__1535489300012404.jpg,,,,
n008-2018-08-28-16-43-51-0400__CAM_FRONT__1535489300512404,v1.0-mini/samples\CAM_FRONT\n008-2018-08-28-16-43-51-0400__CAM_FRONT__1535489300512404.jpg,,,,
n008-2018-08-28-16-43-51-0400__CAM_FRONT__1535489301012404,v1.0-mini/samples\CAM_FRONT\n008-2018-08-28-16-43-51-0400__CAM_FRONT__1535489301012404.jpg,,,,
n008-2018-08-28-16-43-51-0400__CAM_FRONT__1535489301512404,v1.0-mini/samples\CAM_FRONT\n008-2018-08-28-16-43-51-0400__CAM_FRONT__1535489301512404.jpg,,,,
n008-2018-08-28-16-43-51-0400__CAM_FRONT__1535489302012404,v1.0-mini/samples\CAM_FRONT\n008-2018-08-28-16-43-51-0400__CAM_FRONT__1535489302012404.jpg,,,,
n008-2018-08-28-16-43-51-0400__CAM_FRONT__1535489302512404,v1.0-mini/samples\CAM_FRONT\n008-2018-08-28-16-43-51-0400__CAM_FRONT__1535489302512404.jpg,,,,
n008-2018-08-28-16-43-51-0400__CAM_FRONT__1535489303012421,v1.0-mini/samples\CAM_FRONT\n008-2018-08-28-16-43-51-0400__CAM_FRONT__1535489303012421.jpg,,,,
n008-2018-08-28-16-43-51-0400__CAM_FRONT__1535489303412404,v1.0-mini/samples\CAM_FRONT\n008-2018-08-28-16-43-51-0400__CAM_FRONT__1535489303412404.jpg,,,,
n008-2018-08-28-16-43-51-0400__CAM_FRONT__1535489303912404,v1.0-mini/samples\CAM_FRONT\n008-2018-08-28-16-43-51-0400__CAM_FRONT__1535489303912404.jpg,,,,
n008-2018-08-28-16-43-51-0400__CAM_FRONT__1535489304412404,v1.0-mini/samples\CAM_FRONT\n008-2018-08-28-16-43-51-0400__CAM_FRONT__1535489304412404.jpg,,,,
n008-2018-08-28-16-43-51-0400__CAM_FRONT__1535489304912404,v1.0-mini/samples\CAM_FRONT\n008-2018-08-28-16-43-51-0400__CAM_FRONT__1535489304912404.jpg,,,,
n008-2018-08-28-16-43-51-0400__CAM_FRONT__1535489305412404,v1.0-mini/samples\CAM_FRONT\n008-2018-08-28-16-43-51-0400__CAM_FRONT__1535489305412404.jpg,,,,
n008-2018-08-28-16-43-51-0400__CAM_FRONT__1535489305912404,v1.0-mini/samples\CAM_FRONT\n008-2018-08-28-16-43-51-0400__CAM_FRONT__1535489305912404.jpg,,,,
n008-2018-08-28-16-43-51-0400__CAM_FRONT__1535489306412404,v1.0-mini/samples\CAM_FRONT\n008-2018-08-28-16-43-51-0400__CAM_FRONT__1535489306412404.jpg,,,,
n008-2018-08-28-16-43-51-0400__CAM_FRONT__1535489306912404,v1.0-mini/samples\CAM_FRONT\n008-2018-08-28-16-43-51-0400__CAM_FRONT__1535489306912404.jpg,,,,
n008-2018-08-28-16-43-51-0400__CAM_FRONT__1535489307412404,v1.0-mini/samples\CAM_FRONT\n008-2018-08-28-16-43-51-0400__CAM_FRONT__1535489307412404.jpg,,,,
n008-2018-08-28-16-43-51-0400__CAM_FRONT__1535489307912404,v1.0-mini/samples\CAM_FRONT\n008-2018-08-28-16-43-51-0400__CAM_FRONT__1535489307912404.jpg,,,,
n008-2018-08-28-16-43-51-0400__CAM_FRONT__1535489308362404,v1.0-mini/samples\CAM_FRONT\n008-2018-08-28-16-43-51-0400__CAM_FRONT__1535489308362404.jpg,,,,
n008-2018-08-28-16-43-51-0400__CAM_FRONT__1535489308862404,v1.0-mini/samples\CAM_FRONT\n008-2018-08-28-16-43-51-0400__CAM_FRONT__1535489308862404.jpg,,,,
n008-2018-08-28-16-43-51-0400__CAM_FRONT__1535489309362404,v1.0-mini/samples\CAM_FRONT\n008-2018-08-28-16-43-51-0400__CAM_FRONT__1535489309362404.jpg,,,,
n008-2018-08-28-16-43-51-0400__CAM_FRONT__1535489309862404,v1.0-mini/samples\CAM_FRONT\n008-2018-08-28-16-43-51-0400__CAM_FRONT__1535489309862404.jpg,,,,
n008-2018-08-28-16-43-51-0400__CAM_FRONT__1535489310362404,v1.0-mini/samples\CAM_FRONT\n008-2018-08-28-16-43-51-0400__CAM_FRONT__1535489310362404.jpg,,,,
n008-2018-08-28-16-43-51-0400__CAM_FRONT__1535489310912404,v1.0-mini/samples\CAM_FRONT\n008-2018-08-28-16-43-51-0400__CAM_FRONT__1535489310912404.jpg,,,,
n008-2018-08-28-16-43-51-0400__CAM_FRONT__1535489311362404,v1.0-mini/samples\CAM_FRONT\n008-2018-08-28-16-43-51-0400__CAM_FRONT__1535489311362404.jpg,,,,
n008-2018-08-28-16-43-51-0400__CAM_FRONT__1535489311862404,v1.0-mini/samples\CAM_FRONT\n008-2018-08-28-16-43-51-0400__CAM_FRONT__1535489311862404.jpg,,,,
n008-2018-08-28-16-43-51-0400__CAM_FRONT__1535489312362404,v1.0-mini/samples\CAM_FRONT\n008-2018-08-28-16-43-51-0400__CAM_FRONT__1535489312362404.jpg,,,,
n008-2018-08-28-16-43-51-0400__CAM_FRONT__1535489312862404,v1.0-mini/samples\CAM_FRONT\n008-2018-08-28-16-43-51-0400__CAM_FRONT__1535489312862404.jpg,,,,
n008-2018-08-28-16-43-51-0400__CAM_FRONT__1535489313362404,v1.0-mini/samples\CAM_FRONT\n008-2018-08-28-16-43-51-0400__CAM_FRONT__1535489313362404.jpg,,,,
n008-2018-08-28-16-43-51-0400__CAM_FRONT__1535489313862404,v1.0-mini/samples\CAM_FRONT\n008-2018-08-28-16-43-51-0400__CAM_FRONT__1535489313862404.jpg,,,,
n008-2018-08-28-16-43-51-0400__CAM_FRONT__1535489314362404,v1.0-mini/samples\CAM_FRONT\n008-2018-08-28-16-43-51-0400__CAM_FRONT__1535489314362404.jpg,,,,
n008-2018-08-28-16-43-51-0400__CAM_FRONT__1535489314862404,v1.0-mini/samples\CAM_FRONT\n008-2018-08-28-16-43-51-0400__CAM_FRONT__1535489314862404.jpg,,,,
n008-2018-08-28-16-43-51-0400__CAM_FRONT__1535489315412404,v1.0-mini/samples\CAM_FRONT\n008-2018-08-28-16-43-51-0400__CAM_FRONT__1535489315412404.jpg,,,,
n008-2018-08-28-16-43-51-0400__CAM_FRONT__1535489315912404,v1.0-mini/samples\CAM_FRONT\n008-2018-08-28-16-43-51-0400__CAM_FRONT__1535489315912404.jpg,,,,
n008-2018-08-28-16-43-51-0400__LIDAR_TOP__1535489296047917.pcd,,v1.0-mini/samples\LIDAR_TOP\n008-2018-08-28-16-43-51-0400__LIDAR_TOP__1535489296047917.pcd.bin,,,
n008-2018-08-28-16-43-51-0400__LIDAR_TOP__1535489296547795.pcd,,v1.0-mini/samples\LIDAR_TOP\n008-2018-08-28-16-43-51-0400__LIDAR_TOP__1535489296547795.pcd.bin,,,
n008-2018-08-28-16-43-51-0400__LIDAR_TOP__1535489297047675.pcd,,v1.0-mini/samples\LIDAR_TOP\n008-2018-08-28-16-43-51-0400__LIDAR_TOP__1535489297047675.pcd.bin,,,
n008-2018-08-28-16-43-51-0400__LIDAR_TOP__1535489297547543.pcd,,v1.0-mini/samples\LIDAR_TOP\n008-2018-08-28-16-43-51-0400__LIDAR_TOP__1535489297547543.pcd.bin,,,
n008-2018-08-28-16-43-51-0400__LIDAR_TOP__1535489298047428.pcd,,v1.0-mini/samples\LIDAR_TOP\n008-2018-08-28-16-43-51-0400__LIDAR_TOP__1535489298047428.pcd.bin,,,
n008-2018-08-28-16-43-51-0400__LIDAR_TOP__1535489298547291.pcd,,v1.0-mini/samples\LIDAR_TOP\n008-2018-08-28-16-43-51-0400__LIDAR_TOP__1535489298547291.pcd.bin,,,
n008-2018-08-28-16-43-51-0400__LIDAR_TOP__1535489299047201.pcd,,v1.0-mini/samples\LIDAR_TOP\n008-2018-08-28-16-43-51-0400__LIDAR_TOP__1535489299047201.pcd.bin,,,
n008-2018-08-28-16-43-51-0400__LIDAR_TOP__1535489299547057.pcd,,v1.0-mini/samples\LIDAR_TOP\n008-2018-08-28-16-43-51-0400__LIDAR_TOP__1535489299547057.pcd.bin,,,
n008-2018-08-28-16-43-51-0400__LIDAR_TOP__1535489300046941.pcd,,v1.0-mini/samples\LIDAR_TOP\n008-2018-08-28-16-43-51-0400__LIDAR_TOP__1535489300046941.pcd.bin,,,
n008-2018-08-28-16-43-51-0400__LIDAR_TOP__1535489300546798.pcd,,v1.0-mini/samples\LIDAR_TOP\n008-2018-08-28-16-43-51-0400__LIDAR_TOP__1535489300546798.pcd.bin,,,
n008-2018-08-28-16-43-51-0400__LIDAR_TOP__1535489301047243.pcd,,v1.0-mini/samples\LIDAR_TOP\n008-2018-08-28-16-43-51-0400__LIDAR_TOP__1535489301047243.pcd.bin,,,
n008-2018-08-28-16-43-51-0400__LIDAR_TOP__1535489301547107.pcd,,v1.0-mini/samples\LIDAR_TOP\n008-2018-08-28-16-43-51-0400__LIDAR_TOP__1535489301547107.pcd.bin,,,
n008-2018-08-28-16-43-51-0400__LIDAR_TOP__1535489302046988.pcd,,v1.0-mini/samples\LIDAR_TOP\n008-2018-08-28-16-43-51-0400__LIDAR_TOP__1535489302046988.pcd.bin,,,
n008-2018-08-28-16-43-51-0400__LIDAR_TOP__1535489302547429.pcd,,v1.0-mini/samples\LIDAR_TOP\n008-2018-08-28-16-43-51-0400__LIDAR_TOP__1535489302547429.pcd.bin,,,
n008-2018-08-28-16-43-51-0400__LIDAR_TOP__1535489303047308.pcd,,v1.0-mini/samples\LIDAR_TOP\n008-2018-08-28-16-43-51-0400__LIDAR_TOP__1535489303047308.pcd.bin,,,
n008-2018-08-28-16-43-51-0400__LIDAR_TOP__1535489303447089.pcd,,v1.0-mini/samples\LIDAR_TOP\n008-2018-08-28-16-43-51-0400__LIDAR_TOP__1535489303447089.pcd.bin,,,
n008-2018-08-28-16-43-51-0400__LIDAR_TOP__1535489303946971.pcd,,v1.0-mini/samples\LIDAR_TOP\n008-2018-08-28-16-43-51-0400__LIDAR_TOP__1535489303946971.pcd.bin,,,
n008-2018-08-28-16-43-51-0400__LIDAR_TOP__1535489304446846.pcd,,v1.0-mini/samples\LIDAR_TOP\n008-2018-08-28-16-43-51-0400__LIDAR_TOP__1535489304446846.pcd.bin,,,
n008-2018-08-28-16-43-51-0400__LIDAR_TOP__1535489304947267.pcd,,v1.0-mini/samples\LIDAR_TOP\n008-2018-08-28-16-43-51-0400__LIDAR_TOP__1535489304947267.pcd.bin,,,
n008-2018-08-28-16-43-51-0400__LIDAR_TOP__1535489305447151.pcd,,v1.0-mini/samples\LIDAR_TOP\n008-2018-08-28-16-43-51-0400__LIDAR_TOP__1535489305447151.pcd.bin,,,
n008-2018-08-28-16-43-51-0400__LIDAR_TOP__1535489305947019.pcd,,v1.0-mini/samples\LIDAR_TOP\n008-2018-08-28-16-43-51-0400__LIDAR_TOP__1535489305947019.pcd.bin,,,
n008-2018-08-28-16-43-51-0400__LIDAR_TOP__1535489306446341.pcd,,v1.0-mini/samples\LIDAR_TOP\n008-2018-08-28-16-43-51-0400__LIDAR_TOP__1535489306446341.pcd.bin,,,
n008-2018-08-28-16-43-51-0400__LIDAR_TOP__1535489306946757.pcd,,v1.0-mini/samples\LIDAR_TOP\n008-2018-08-28-16-43-51-0400__LIDAR_TOP__1535489306946757.pcd.bin,,,
n008-2018-08-28-16-43-51-0400__LIDAR_TOP__1535489307446638.pcd,,v1.0-mini/samples\LIDAR_TOP\n008-2018-08-28-16-43-51-0400__LIDAR_TOP__1535489307446638.pcd.bin,,,
n008-2018-08-28-16-43-51-0400__LIDAR_TOP__1535489307946546.pcd,,v1.0-mini/samples\LIDAR_TOP\n008-2018-08-28-16-43-51-0400__LIDAR_TOP__1535489307946546.pcd.bin,,,
n008-2018-08-28-16-43-51-0400__LIDAR_TOP__1535489308396618.pcd,,v1.0-mini/samples\LIDAR_TOP\n008-2018-08-28-16-43-51-0400__LIDAR_TOP__1535489308396618.pcd.bin,,,
n008-2018-08-28-16-43-51-0400__LIDAR_TOP__1535489308896501.pcd,,v1.0-mini/samples\LIDAR_TOP\n008-2018-08-28-16-43-51-0400__LIDAR_TOP__1535489308896501.pcd.bin,,,
n008-2018-08-28-16-43-51-0400__LIDAR_TOP__1535489309396386.pcd,,v1.0-mini/samples\LIDAR_TOP\n008-2018-08-28-16-43-51-0400__LIDAR_TOP__1535489309396386.pcd.bin,,,
n008-2018-08-28-16-43-51-0400__LIDAR_TOP__1535489309896252.pcd,,v1.0-mini/samples\LIDAR_TOP\n008-2018-08-28-16-43-51-0400__LIDAR_TOP__1535489309896252.pcd.bin,,,
n008-2018-08-28-16-43-51-0400__LIDAR_TOP__1535489310396680.pcd,,v1.0-mini/samples\LIDAR_TOP\n008-2018-08-28-16-43-51-0400__LIDAR_TOP__1535489310396680.pcd.bin,,,
n008-2018-08-28-16-43-51-0400__LIDAR_TOP__1535489310946883.pcd,,v1.0-mini/samples\LIDAR_TOP\n008-2018-08-28-16-43-51-0400__LIDAR_TOP__1535489310946883.pcd.bin,,,
n008-2018-08-28-16-43-51-0400__LIDAR_TOP__1535489311396995.pcd,,v1.0-mini/samples\LIDAR_TOP\n008-2018-08-28-16-43-51-0400__LIDAR_TOP__1535489311396995.pcd.bin,,,
n008-2018-08-28-16-43-51-0400__LIDAR_TOP__1535489311897421.pcd,,v1.0-mini/samples\LIDAR_TOP\n008-2018-08-28-16-43-51-0400__LIDAR_TOP__1535489311897421.pcd.bin,,,
n008-2018-08-28-16-43-51-0400__LIDAR_TOP__1535489312397873.pcd,,v1.0-mini/samples\LIDAR_TOP\n008-2018-08-28-16-43-51-0400__LIDAR_TOP__1535489312397873.pcd.bin,,,
n008-2018-08-28-16-43-51-0400__LIDAR_TOP__1535489312897804.pcd,,v1.0-mini/samples\LIDAR_TOP\n008-2018-08-28-16-43-51-0400__LIDAR_TOP__1535489312897804.pcd.bin,,,
n008-2018-08-28-16-43-51-0400__LIDAR_TOP__1535489313398193.pcd,,v1.0-mini/samples\LIDAR_TOP\n008-2018-08-28-16-43-51-0400__LIDAR_TOP__1535489313398193.pcd.bin,,,
n008-2018-08-28-16-43-51-0400__LIDAR_TOP__1535489313898578.pcd,,v1.0-mini/samples\LIDAR_TOP\n008-2018-08-28-16-43-51-0400__LIDAR_TOP__1535489313898578.pcd.bin,,,
n008-2018-08-28-16-43-51-0400__LIDAR_TOP__1535489314398452.pcd,,v1.0-mini/samples\LIDAR_TOP\n008-2018-08-28-16-43-51-0400__LIDAR_TOP__1535489314398452.pcd.bin,,,
n008-2018-08-28-16-43-51-0400__LIDAR_TOP__1535489314898335.pcd,,v1.0-mini/samples\LIDAR_TOP\n008-2018-08-28-16-43-51-0400__LIDAR_TOP__1535489314898335.pcd.bin,,,
n008-2018-08-28-16-43-51-0400__LIDAR_TOP__1535489315448527.pcd,,v1.0-mini/samples\LIDAR_TOP\n008-2018-08-28-16-43-51-0400__LIDAR_TOP__1535489315448527.pcd.bin,,,
n008-2018-08-28-16-43-51-0400__LIDAR_TOP__1535489315948406.pcd,,v1.0-mini/samples\LIDAR_TOP\n008-2018-08-28-16-43-51-0400__LIDAR_TOP__1535489315948406.pcd.bin,,,
n008-2018-08-30-15-16-55-0400__CAM_FRONT__1535657108262404,v1.0-mini/samples\CAM_FRONT\n008-2018-08-30-15-16-55-0400__CAM_FRONT__1535657108262404.jpg,,,,
n008-2018-08-30-15-16-55-0400__CAM_FRONT__1535657108762404,v1.0-mini/samples\CAM_FRONT\n008-2018-08-30-15-16-55-0400__CAM_FRONT__1535657108762404.jpg,,,,
n008-2018-08-30-15-16-55-0400__CAM_FRONT__1535657109262404,v1.0-mini/samples\CAM_FRONT\n008-2018-08-30-15-16-55-0400__CAM_FRONT__1535657109262404.jpg,,,,
n008-2018-08-30-15-16-55-0400__CAM_FRONT__1535657109762404,v1.0-mini/samples\CAM_FRONT\n008-2018-08-30-15-16-55-0400__CAM_FRONT__1535657109762404.jpg,,,,
n008-2018-08-30-15-16-55-0400__CAM_FRONT__1535657110162404,v1.0-mini/samples\CAM_FRONT\n008-2018-08-30-15-16-55-0400__CAM_FRONT__1535657110162404.jpg,,,,
n008-2018-08-30-15-16-55-0400__CAM_FRONT__1535657110612404,v1.0-mini/samples\CAM_FRONT\n008-2018-08-30-15-16-55-0400__CAM_FRONT__1535657110612404.jpg,,,,
n008-2018-08-30-15-16-55-0400__CAM_FRONT__1535657111112404,v1.0-mini/samples\CAM_FRONT\n008-2018-08-30-15-16-55-0400__CAM_FRONT__1535657111112404.jpg,,,,
n008-2018-08-30-15-16-55-0400__CAM_FRONT__1535657111612404,v1.0-mini/samples\CAM_FRONT\n008-2018-08-30-15-16-55-0400__CAM_FRONT__1535657111612404.jpg,,,,
n008-2018-08-30-15-16-55-0400__CAM_FRONT__1535657112112404,v1.0-mini/samples\CAM_FRONT\n008-2018-08-30-15-16-55-0400__CAM_FRONT__1535657112112404.jpg,,,,
n008-2018-08-30-15-16-55-0400__CAM_FRONT__1535657112612404,v1.0-mini/samples\CAM_FRONT\n008-2018-08-30-15-16-55-0400__CAM_FRONT__1535657112612404.jpg,,,,
n008-2018-08-30-15-16-55-0400__CAM_FRONT__1535657113112404,v1.0-mini/samples\CAM_FRONT\n008-2018-08-30-15-16-55-0400__CAM_FRONT__1535657113112404.jpg,,,,
n008-2018-08-30-15-16-55-0400__CAM_FRONT__1535657113612404,v1.0-mini/samples\CAM_FRONT\n008-2018-08-30-15-16-55-0400__CAM_FRONT__1535657113612404.jpg,,,,
n008-2018-08-30-15-16-55-0400__CAM_FRONT__1535657114112404,v1.0-mini/samples\CAM_FRONT\n008-2018-08-30-15-16-55-0400__CAM_FRONT__1535657114112404.jpg,,,,
n008-2018-08-30-15-16-55-0400__CAM_FRONT__1535657114612404,v1.0-mini/samples\CAM_FRONT\n008-2018-08-30-15-16-55-0400__CAM_FRONT__1535657114612404.jpg,,,,
n008-2018-08-30-15-16-55-0400__CAM_FRONT__1535657115112404,v1.0-mini/samples\CAM_FRONT\n008-2018-08-30-15-16-55-0400__CAM_FRONT__1535657115112404.jpg,,,,
n008-2018-08-30-15-16-55-0400__CAM_FRONT__1535657115612404,v1.0-mini/samples\CAM_FRONT\n008-2018-08-30-15-16-55-0400__CAM_FRONT__1535657115612404.jpg,,,,
n008-2018-08-30-15-16-55-0400__CAM_FRONT__1535657116112404,v1.0-mini/samples\CAM_FRONT\n008-2018-08-30-15-16-55-0400__CAM_FRONT__1535657116112404.jpg,,,,
n008-2018-08-30-15-16-55-0400__CAM_FRONT__1535657116612404,v1.0-mini/samples\CAM_FRONT\n008-2018-08-30-15-16-55-0400__CAM_FRONT__1535657116612404.jpg,,,,
n008-2018-08-30-15-16-55-0400__CAM_FRONT__1535657117112404,v1.0-mini/samples\CAM_FRONT\n008-2018-08-30-15-16-55-0400__CAM_FRONT__1535657117112404.jpg,,,,
n008-2018-08-30-15-16-55-0400__CAM_FRONT__1535657117612404,v1.0-mini/samples\CAM_FRONT\n008-2018-08-30-15-16-55-0400__CAM_FRONT__1535657117612404.jpg,,,,
n008-2018-08-30-15-16-55-0400__CAM_FRONT__1535657118112404,v1.0-mini/samples\CAM_FRONT\n008-2018-08-30-15-16-55-0400__CAM_FRONT__1535657118112404.jpg,,,,
n008-2018-08-30-15-16-55-0400__CAM_FRONT__1535657118612404,v1.0-mini/samples\CAM_FRONT\n008-2018-08-30-15-16-55-0400__CAM_FRONT__1535657118612404.jpg,,,,
n008-2018-08-30-15-16-55-0400__CAM_FRONT__1535657119112404,v1.0-mini/samples\CAM_FRONT\n008-2018-08-30-15-16-55-0400__CAM_FRONT__1535657119112404.jpg,,,,
n008-2018-08-30-15-16-55-0400__CAM_FRONT__1535657119612404,v1.0-mini/samples\CAM_FRONT\n008-2018-08-30-15-16-55-0400__CAM_FRONT__1535657119612404.jpg,,,,
n008-2018-08-30-15-16-55-0400__CAM_FRONT__1535657120112404,v1.0-mini/samples\CAM_FRONT\n008-2018-08-30-15-16-55-0400__CAM_FRONT__1535657120112404.jpg,,,,
n008-2018-08-30-15-16-55-0400__CAM_FRONT__1535657120612404,v1.0-mini/samples\CAM_FRONT\n008-2018-08-30-15-16-55-0400__CAM_FRONT__1535657120612404.jpg,,,,
n008-2018-08-30-15-16-55-0400__CAM_FRONT__1535657121112404,v1.0-mini/samples\CAM_FRONT\n008-2018-08-30-15-16-55-0400__CAM_FRONT__1535657121112404.jpg,,,,
n008-2018-08-30-15-16-55-0400__CAM_FRONT__1535657121612404,v1.0-mini/samples\CAM_FRONT\n008-2018-08-30-15-16-55-0400__CAM_FRONT__1535657121612404.jpg,,,,
n008-2018-08-30-15-16-55-0400__CAM_FRONT__1535657122112404,v1.0-mini/samples\CAM_FRONT\n008-2018-08-30-15-16-55-0400__CAM_FRONT__1535657122112404.jpg,,,,
n008-2018-08-30-15-16-55-0400__CAM_FRONT__1535657122612404,v1.0-mini/samples\CAM_FRONT\n008-2018-08-30-15-16-55-0400__CAM_FRONT__1535657122612404.jpg,,,,
n008-2018-08-30-15-16-55-0400__CAM_FRONT__1535657123112404,v1.0-mini/samples\CAM_FRONT\n008-2018-08-30-15-16-55-0400__CAM_FRONT__1535657123112404.jpg,,,,
n008-2018-08-30-15-16-55-0400__CAM_FRONT__1535657123612404,v1.0-mini/samples\CAM_FRONT\n008-2018-08-30-15-16-55-0400__CAM_FRONT__1535657123612404.jpg,,,,
n008-2018-08-30-15-16-55-0400__CAM_FRONT__1535657124112404,v1.0-mini/samples\CAM_FRONT\n008-2018-08-30-15-16-55-0400__CAM_FRONT__1535657124112404.jpg,,,,
n008-2018-08-30-15-16-55-0400__CAM_FRONT__1535657124612404,v1.0-mini/samples\CAM_FRONT\n008-2018-08-30-15-16-55-0400__CAM_FRONT__1535657124612404.jpg,,,,
n008-2018-08-30-15-16-55-0400__CAM_FRONT__1535657125112404,v1.0-mini/samples\CAM_FRONT\n008-2018-08-30-15-16-55-0400__CAM_FRONT__1535657125112404.jpg,,,,
n008-2018-08-30-15-16-55-0400__CAM_FRONT__1535657125612404,v1.0-mini/samples\CAM_FRONT\n008-2018-08-30-15-16-55-0400__CAM_FRONT__1535657125612404.jpg,,,,
n008-2018-08-30-15-16-55-0400__CAM_FRONT__1535657126112404,v1.0-mini/samples\CAM_FRONT\n008-2018-08-30-15-16-55-0400__CAM_FRONT__1535657126112404.jpg,,,,
n008-2018-08-30-15-16-55-0400__CAM_FRONT__1535657126612404,v1.0-mini/samples\CAM_FRONT\n008-2018-08-30-15-16-55-0400__CAM_FRONT__1535657126612404.jpg,,,,
n008-2018-08-30-15-16-55-0400__CAM_FRONT__1535657127112404,v1.0-mini/samples\CAM_FRONT\n008-2018-08-30-15-16-55-0400__CAM_FRONT__1535657127112404.jpg,,,,
n008-2018-08-30-15-16-55-0400__CAM_FRONT__1535657127612404,v1.0-mini/samples\CAM_FRONT\n008-2018-08-30-15-16-55-0400__CAM_FRONT__1535657127612404.jpg,,,,
n008-2018-08-30-15-16-55-0400__CAM_FRONT__1535657128112404,v1.0-mini/samples\CAM_FRONT\n008-2018-08-30-15-16-55-0400__CAM_FRONT__1535657128112404.jpg,,,,
n008-2018-08-30-15-16-55-0400__LIDAR_TOP__1535657108301401.pcd,,v1.0-mini/samples\LIDAR_TOP\n008-2018-08-30-15-16-55-0400__LIDAR_TOP__1535657108301401.pcd.bin,,,
n008-2018-08-30-15-16-55-0400__LIDAR_TOP__1535657108801262.pcd,,v1.0-mini/samples\LIDAR_TOP\n008-2018-08-30-15-16-55-0400__LIDAR_TOP__1535657108801262.pcd.bin,,,
n008-2018-08-30-15-16-55-0400__LIDAR_TOP__1535657109301132.pcd,,v1.0-mini/samples\LIDAR_TOP\n008-2018-08-30-15-16-55-0400__LIDAR_TOP__1535657109301132.pcd.bin,,,
n008-2018-08-30-15-16-55-0400__LIDAR_TOP__1535657109801064.pcd,,v1.0-mini/samples\LIDAR_TOP\n008-2018-08-30-15-16-55-0400__LIDAR_TOP__1535657109801064.pcd.bin,,,
n008-2018-08-30-15-16-55-0400__LIDAR_TOP__1535657110200261.pcd,,v1.0-mini/samples\LIDAR_TOP\n008-2018-08-30-15-16-55-0400__LIDAR_TOP__1535657110200261.pcd.bin,,,
n008-2018-08-30-15-16-55-0400__LIDAR_TOP__1535657110651414.pcd,,v1.0-mini/samples\LIDAR_TOP\n008-2018-08-30-15-16-55-0400__LIDAR_TOP__1535657110651414.pcd.bin,,,
n008-2018-08-30-15-16-55-0400__LIDAR_TOP__1535657111149672.pcd,,v1.0-mini/samples\LIDAR_TOP\n008-2018-08-30-15-16-55-0400__LIDAR_TOP__1535657111149672.pcd.bin,,,
n008-2018-08-30-15-16-55-0400__LIDAR_TOP__1535657111649009.pcd,,v1.0-mini/samples\LIDAR_TOP\n008-2018-08-30-15-16-55-0400__LIDAR_TOP__1535657111649009.pcd.bin,,,
n008-2018-08-30-15-16-55-0400__LIDAR_TOP__1535657112148325.pcd,,v1.0-mini/samples\LIDAR_TOP\n008-2018-08-30-15-16-55-0400__LIDAR_TOP__1535657112148325.pcd.bin,,,
n008-2018-08-30-15-16-55-0400__LIDAR_TOP__1535657112648213.pcd,,v1.0-mini/samples\LIDAR_TOP\n008-2018-08-30-15-16-55-0400__LIDAR_TOP__1535657112648213.pcd.bin,,,
n008-2018-08-30-15-16-55-0400__LIDAR_TOP__1535657113148632.pcd,,v1.0-mini/samples\LIDAR_TOP\n008-2018-08-30-15-16-55-0400__LIDAR_TOP__1535657113148632.pcd.bin,,,
n008-2018-08-30-15-16-55-0400__LIDAR_TOP__1535657113648526.pcd,,v1.0-mini/samples\LIDAR_TOP\n008-2018-08-30-15-16-55-0400__LIDAR_TOP__1535657113648526.pcd.bin,,,
n008-2018-08-30-15-16-55-0400__LIDAR_TOP__1535657114148383.pcd,,v1.0-mini/samples\LIDAR_TOP\n008-2018-08-30-15-16-55-0400__LIDAR_TOP__1535657114148383.pcd.bin,,,
n008-2018-08-30-15-16-55-0400__LIDAR_TOP__1535657114648261.pcd,,v1.0-mini/samples\LIDAR_TOP\n008-2018-08-30-15-16-55-0400__LIDAR_TOP__1535657114648261.pcd.bin,,,
n008-2018-08-30-15-16-55-0400__LIDAR_TOP__1535657115148131.pcd,,v1.0-mini/samples\LIDAR_TOP\n008-2018-08-30-15-16-55-0400__LIDAR_TOP__1535657115148131.pcd.bin,,,
n008-2018-08-30-15-16-55-0400__LIDAR_TOP__1535657115648632.pcd,,v1.0-mini/samples\LIDAR_TOP\n008-2018-08-30-15-16-55-0400__LIDAR_TOP__1535657115648632.pcd.bin,,,
n008-2018-08-30-15-16-55-0400__LIDAR_TOP__1535657116148450.pcd,,v1.0-mini/samples\LIDAR_TOP\n008-2018-08-30-15-16-55-0400__LIDAR_TOP__1535657116148450.pcd.bin,,,
n008-2018-08-30-15-16-55-0400__LIDAR_TOP__1535657116649423.pcd,,v1.0-mini/samples\LIDAR_TOP\n008-2018-08-30-15-16-55-0400__LIDAR_TOP__1535657116649423.pcd.bin,,,
n008-2018-08-30-15-16-55-0400__LIDAR_TOP__1535657117149304.pcd,,v1.0-mini/samples\LIDAR_TOP\n008-2018-08-30-15-16-55-0400__LIDAR_TOP__1535657117149304.pcd.bin,,,
n008-2018-08-30-15-16-55-0400__LIDAR_TOP__1535657117649169.pcd,,v1.0-mini/samples\LIDAR_TOP\n008-2018-08-30-15-16-55-0400__LIDAR_TOP__1535657117649169.pcd.bin,,,
n008-2018-08-30-15-16-55-0400__LIDAR_TOP__1535657118149616.pcd,,v1.0-mini/samples\LIDAR_TOP\n008-2018-08-30-15-16-55-0400__LIDAR_TOP__1535657118149616.pcd.bin,,,
n008-2018-08-30-15-16-55-0400__LIDAR_TOP__1535657118649480.pcd,,v1.0-mini/samples\LIDAR_TOP\n008-2018-08-30-15-16-55-0400__LIDAR_TOP__1535657118649480.pcd.bin,,,
n008-2018-08-30-15-16-55-0400__LIDAR_TOP__1535657119149935.pcd,,v1.0-mini/samples\LIDAR_TOP\n008-2018-08-30-15-16-55-0400__LIDAR_TOP__1535657119149935.pcd.bin,,,
n008-2018-08-30-15-16-55-0400__LIDAR_TOP__1535657119649820.pcd,,v1.0-mini/samples\LIDAR_TOP\n008-2018-08-30-15-16-55-0400__LIDAR_TOP__1535657119649820.pcd.bin,,,
n008-2018-08-30-15-16-55-0400__LIDAR_TOP__1535657120149686.pcd,,v1.0-mini/samples\LIDAR_TOP\n008-2018-08-30-15-16-55-0400__LIDAR_TOP__1535657120149686.pcd.bin,,,
n008-2018-08-30-15-16-55-0400__LIDAR_TOP__1535657120649535.pcd,,v1.0-mini/samples\LIDAR_TOP\n008-2018-08-30-15-16-55-0400__LIDAR_TOP__1535657120649535.pcd.bin,,,
n008-2018-08-30-15-16-55-0400__LIDAR_TOP__1535657121149429.pcd,,v1.0-mini/samples\LIDAR_TOP\n008-2018-08-30-15-16-55-0400__LIDAR_TOP__1535657121149429.pcd.bin,,,
n008-2018-08-30-15-16-55-0400__LIDAR_TOP__1535657121649287.pcd,,v1.0-mini/samples\LIDAR_TOP\n008-2018-08-30-15-16-55-0400__LIDAR_TOP__1535657121649287.pcd.bin,,,
n008-2018-08-30-15-16-55-0400__LIDAR_TOP__1535657122149177.pcd,,v1.0-mini/samples\LIDAR_TOP\n008-2018-08-30-15-16-55-0400__LIDAR_TOP__1535657122149177.pcd.bin,,,
n008-2018-08-30-15-16-55-0400__LIDAR_TOP__1535657122649085.pcd,,v1.0-mini/samples\LIDAR_TOP\n008-2018-08-30-15-16-55-0400__LIDAR_TOP__1535657122649085.pcd.bin,,,
n008-2018-08-30-15-16-55-0400__LIDAR_TOP__1535657123148366.pcd,,v1.0-mini/samples\LIDAR_TOP\n008-2018-08-30-15-16-55-0400__LIDAR_TOP__1535657123148366.pcd.bin,,,
n008-2018-08-30-15-16-55-0400__LIDAR_TOP__1535657123648262.pcd,,v1.0-mini/samples\LIDAR_TOP\n008-2018-08-30-15-16-55-0400__LIDAR_TOP__1535657123648262.pcd.bin,,,
n008-2018-08-30-15-16-55-0400__LIDAR_TOP__1535657124148113.pcd,,v1.0-mini/samples\LIDAR_TOP\n008-2018-08-30-15-16-55-0400__LIDAR_TOP__1535657124148113.pcd.bin,,,
n008-2018-08-30-15-16-55-0400__LIDAR_TOP__1535657124648599.pcd,,v1.0-mini/samples\LIDAR_TOP\n008-2018-08-30-15-16-55-0400__LIDAR_TOP__1535657124648599.pcd.bin,,,
n008-2018-08-30-15-16-55-0400__LIDAR_TOP__1535657125148970.pcd,,v1.0-mini/samples\LIDAR_TOP\n008-2018-08-30-15-16-55-0400__LIDAR_TOP__1535657125148970.pcd.bin,,,
n008-2018-08-30-15-16-55-0400__LIDAR_TOP__1535657125649405.pcd,,v1.0-mini/samples\LIDAR_TOP\n008-2018-08-30-15-16-55-0400__LIDAR_TOP__1535657125649405.pcd.bin,,,
n008-2018-08-30-15-16-55-0400__LIDAR_TOP__1535657126149278.pcd,,v1.0-mini/samples\LIDAR_TOP\n008-2018-08-30-15-16-55-0400__LIDAR_TOP__1535657126149278.pcd.bin,,,
n008-2018-08-30-15-16-55-0400__LIDAR_TOP__1535657126649732.pcd,,v1.0-mini/samples\LIDAR_TOP\n008-2018-08-30-15-16-55-0400__LIDAR_TOP__1535657126649732.pcd.bin,,,
n008-2018-08-30-15-16-55-0400__LIDAR_TOP__1535657127150180.pcd,,v1.0-mini/samples\LIDAR_TOP\n008-2018-08-30-15-16-55-0400__LIDAR_TOP__1535657127150180.pcd.bin,,,
n008-2018-08-30-15-16-55-0400__LIDAR_TOP__1535657127650049.pcd,,v1.0-mini/samples\LIDAR_TOP\n008-2018-08-30-15-16-55-0400__LIDAR_TOP__1535657127650049.pcd.bin,,,
n008-2018-08-30-15-16-55-0400__LIDAR_TOP__1535657128149910.pcd,,v1.0-mini/samples\LIDAR_TOP\n008-2018-08-30-15-16-55-0400__LIDAR_TOP__1535657128149910.pcd.bin,,,
n015-2018-07-24-11-22-45+0800__CAM_FRONT__1532402927612460,v1.0-mini/samples\CAM_FRONT\n015-2018-07-24-11-22-45+0800__CAM_FRONT__1532402927612460.jpg,,,,
n015-2018-07-24-11-22-45+0800__CAM_FRONT__1532402928112460,v1.0-mini/samples\CAM_FRONT\n015-2018-07-24-11-22-45+0800__CAM_FRONT__1532402928112460.jpg,,,,
n015-2018-07-24-11-22-45+0800__CAM_FRONT__1532402928662460,v1.0-mini/samples\CAM_FRONT\n015-2018-07-24-11-22-45+0800__CAM_FRONT__1532402928662460.jpg,,,,
n015-2018-07-24-11-22-45+0800__CAM_FRONT__1532402929162460,v1.0-mini/samples\CAM_FRONT\n015-2018-07-24-11-22-45+0800__CAM_FRONT__1532402929162460.jpg,,,,
n015-2018-07-24-11-22-45+0800__CAM_FRONT__1532402929662460,v1.0-mini/samples\CAM_FRONT\n015-2018-07-24-11-22-45+0800__CAM_FRONT__1532402929662460.jpg,,,,
n015-2018-07-24-11-22-45+0800__CAM_FRONT__1532402930112460,v1.0-mini/samples\CAM_FRONT\n015-2018-07-24-11-22-45+0800__CAM_FRONT__1532402930112460.jpg,,,,
n015-2018-07-24-11-22-45+0800__CAM_FRONT__1532402930612460,v1.0-mini/samples\CAM_FRONT\n015-2018-07-24-11-22-45+0800__CAM_FRONT__1532402930612460.jpg,,,,
n015-2018-07-24-11-22-45+0800__CAM_FRONT__1532402931162460,v1.0-mini/samples\CAM_FRONT\n015-2018-07-24-11-22-45+0800__CAM_FRONT__1532402931162460.jpg,,,,
n015-2018-07-24-11-22-45+0800__CAM_FRONT__1532402931662460,v1.0-mini/samples\CAM_FRONT\n015-2018-07-24-11-22-45+0800__CAM_FRONT__1532402931662460.jpg,,,,
n015-2018-07-24-11-22-45+0800__CAM_FRONT__1532402932162460,v1.0-mini/samples\CAM_FRONT\n015-2018-07-24-11-22-45+0800__CAM_FRONT__1532402932162460.jpg,,,,
n015-2018-07-24-11-22-45+0800__CAM_FRONT__1532402932612460,v1.0-mini/samples\CAM_FRONT\n015-2018-07-24-11-22-45+0800__CAM_FRONT__1532402932612460.jpg,,,,
n015-2018-07-24-11-22-45+0800__CAM_FRONT__1532402933112460,v1.0-mini/samples\CAM_FRONT\n015-2018-07-24-11-22-45+0800__CAM_FRONT__1532402933112460.jpg,,,,
n015-2018-07-24-11-22-45+0800__CAM_FRONT__1532402933612460,v1.0-mini/samples\CAM_FRONT\n015-2018-07-24-11-22-45+0800__CAM_FRONT__1532402933612460.jpg,,,,
n015-2018-07-24-11-22-45+0800__CAM_FRONT__1532402934112460,v1.0-mini/samples\CAM_FRONT\n015-2018-07-24-11-22-45+0800__CAM_FRONT__1532402934112460.jpg,,,,
n015-2018-07-24-11-22-45+0800__CAM_FRONT__1532402934662484,v1.0-mini/samples\CAM_FRONT\n015-2018-07-24-11-22-45+0800__CAM_FRONT__1532402934662484.jpg,,,,
n015-2018-07-24-11-22-45+0800__CAM_FRONT__1532402935162463,v1.0-mini/samples\CAM_FRONT\n015-2018-07-24-11-22-45+0800__CAM_FRONT__1532402935162463.jpg,,,,
n015-2018-07-24-11-22-45+0800__CAM_FRONT__1532402935662460,v1.0-mini/samples\CAM_FRONT\n015-2018-07-24-11-22-45+0800__CAM_FRONT__1532402935662460.jpg,,,,
n015-2018-07-24-11-22-45+0800__CAM_FRONT__1532402936162460,v1.0-mini/samples\CAM_FRONT\n015-2018-07-24-11-22-45+0800__CAM_FRONT__1532402936162460.jpg,,,,
n015-2018-07-24-11-22-45+0800__CAM_FRONT__1532402936662460,v1.0-mini/samples\CAM_FRONT\n015-2018-07-24-11-22-45+0800__CAM_FRONT__1532402936662460.jpg,,,,
n015-2018-07-24-11-22-45+0800__CAM_FRONT__1532402937162460,v1.0-mini/samples\CAM_FRONT\n015-2018-07-24-11-22-45+0800__CAM_FRONT__1532402937162460.jpg,,,,
n015-2018-07-24-11-22-45+0800__CAM_FRONT__1532402937662460,v1.0-mini/samples\CAM_FRONT\n015-2018-07-24-11-22-45+0800__CAM_FRONT__1532402937662460.jpg,,,,
n015-2018-07-24-11-22-45+0800__CAM_FRONT__1532402938162460,v1.0-mini/samples\CAM_FRONT\n015-2018-07-24-11-22-45+0800__CAM_FRONT__1532402938162460.jpg,,,,
n015-2018-07-24-11-22-45+0800__CAM_FRONT__1532402938612460,v1.0-mini/samples\CAM_FRONT\n015-2018-07-24-11-22-45+0800__CAM_FRONT__1532402938612460.jpg,,,,
n015-2018-07-24-11-22-45+0800__CAM_FRONT__1532402939112460,v1.0-mini/samples\CAM_FRONT\n015-2018-07-24-11-22-45+0800__CAM_FRONT__1532402939112460.jpg,,,,
n015-2018-07-24-11-22-45+0800__CAM_FRONT__1532402939662460,v1.0-mini/samples\CAM_FRONT\n015-2018-07-24-11-22-45+0800__CAM_FRONT__1532402939662460.jpg,,,,
n015-2018-07-24-11-22-45+0800__CAM_FRONT__1532402940162460,v1.0-mini/samples\CAM_FRONT\n015-2018-07-24-11-22-45+0800__CAM_FRONT__1532402940162460.jpg,,,,
n015-2018-07-24-11-22-45+0800__CAM_FRONT__1532402940762460,v1.0-mini/samples\CAM_FRONT\n015-2018-07-24-11-22-45+0800__CAM_FRONT__1532402940762460.jpg,,,,
n015-2018-07-24-11-22-45+0800__CAM_FRONT__1532402941262460,v1.0-mini/samples\CAM_FRONT\n015-2018-07-24-11-22-45+0800__CAM_FRONT__1532402941262460.jpg,,,,
n015-2018-07-24-11-22-45+0800__CAM_FRONT__1532402941762460,v1.0-mini/samples\CAM_FRONT\n015-2018-07-24-11-22-45+0800__CAM_FRONT__1532402941762460.jpg,,,,
n015-2018-07-24-11-22-45+0800__CAM_FRONT__1532402942162460,v1.0-mini/samples\CAM_FRONT\n015-2018-07-24-11-22-45+0800__CAM_FRONT__1532402942162460.jpg,,,,
n015-2018-07-24-11-22-45+0800__CAM_FRONT__1532402942662460,v1.0-mini/samples\CAM_FRONT\n015-2018-07-24-11-22-45+0800__CAM_FRONT__1532402942662460.jpg,,,,
n015-2018-07-24-11-22-45+0800__CAM_FRONT__1532402943162460,v1.0-mini/samples\CAM_FRONT\n015-2018-07-24-11-22-45+0800__CAM_FRONT__1532402943162460.jpg,,,,
n015-2018-07-24-11-22-45+0800__CAM_FRONT__1532402943662460,v1.0-mini/samples\CAM_FRONT\n015-2018-07-24-11-22-45+0800__CAM_FRONT__1532402943662460.jpg,,,,
n015-2018-07-24-11-22-45+0800__CAM_FRONT__1532402944162460,v1.0-mini/samples\CAM_FRONT\n015-2018-07-24-11-22-45+0800__CAM_FRONT__1532402944162460.jpg,,,,
n015-2018-07-24-11-22-45+0800__CAM_FRONT__1532402944662460,v1.0-mini/samples\CAM_FRONT\n015-2018-07-24-11-22-45+0800__CAM_FRONT__1532402944662460.jpg,,,,
n015-2018-07-24-11-22-45+0800__CAM_FRONT__1532402945162460,v1.0-mini/samples\CAM_FRONT\n015-2018-07-24-11-22-45+0800__CAM_FRONT__1532402945162460.jpg,,,,
n015-2018-07-24-11-22-45+0800__CAM_FRONT__1532402945662460,v1.0-mini/samples\CAM_FRONT\n015-2018-07-24-11-22-45+0800__CAM_FRONT__1532402945662460.jpg,,,,
n015-2018-07-24-11-22-45+0800__CAM_FRONT__1532402946262460,v1.0-mini/samples\CAM_FRONT\n015-2018-07-24-11-22-45+0800__CAM_FRONT__1532402946262460.jpg,,,,
n015-2018-07-24-11-22-45+0800__CAM_FRONT__1532402946762460,v1.0-mini/samples\CAM_FRONT\n015-2018-07-24-11-22-45+0800__CAM_FRONT__1532402946762460.jpg,,,,
n015-2018-07-24-11-22-45+0800__LIDAR_TOP__1532402927647951.pcd,,v1.0-mini/samples\LIDAR_TOP\n015-2018-07-24-11-22-45+0800__LIDAR_TOP__1532402927647951.pcd.bin,,,
n015-2018-07-24-11-22-45+0800__LIDAR_TOP__1532402928147847.pcd,,v1.0-mini/samples\LIDAR_TOP\n015-2018-07-24-11-22-45+0800__LIDAR_TOP__1532402928147847.pcd.bin,,,
n015-2018-07-24-11-22-45+0800__LIDAR_TOP__1532402928698048.pcd,,v1.0-mini/samples\LIDAR_TOP\n015-2018-07-24-11-22-45+0800__LIDAR_TOP__1532402928698048.pcd.bin,,,
n015-2018-07-24-11-22-45+0800__LIDAR_TOP__1532402929197353.pcd,,v1.0-mini/samples\LIDAR_TOP\n015-2018-07-24-11-22-45+0800__LIDAR_TOP__1532402929197353.pcd.bin,,,
n015-2018-07-24-11-22-45+0800__LIDAR_TOP__1532402929697797.pcd,,v1.0-mini/samples\LIDAR_TOP\n015-2018-07-24-11-22-45+0800__LIDAR_TOP__1532402929697797.pcd.bin,,,
n015-2018-07-24-11-22-45+0800__LIDAR_TOP__1532402930152601.pcd,,v1.0-mini/samples\LIDAR_TOP\n015-2018-07-24-11-22-45+0800__LIDAR_TOP__1532402930152601.pcd.bin,,,
n015-2018-07-24-11-22-45+0800__LIDAR_TOP__1532402930648325.pcd,,v1.0-mini/samples\LIDAR_TOP\n015-2018-07-24-11-22-45+0800__LIDAR_TOP__1532402930648325.pcd.bin,,,
n015-2018-07-24-11-22-45+0800__LIDAR_TOP__1532402931198511.pcd,,v1.0-mini/samples\LIDAR_TOP\n015-2018-07-24-11-22-45+0800__LIDAR_TOP__1532402931198511.pcd.bin,,,
n015-2018-07-24-11-22-45+0800__LIDAR_TOP__1532402931697833.pcd,,v1.0-mini/samples\LIDAR_TOP\n015-2018-07-24-11-22-45+0800__LIDAR_TOP__1532402931697833.pcd.bin,,,
n015-2018-07-24-11-22-45+0800__LIDAR_TOP__1532402932197715.pcd,,v1.0-mini/samples\LIDAR_TOP\n015-2018-07-24-11-22-45+0800__LIDAR_TOP__1532402932197715.pcd.bin,,,
n015-2018-07-24-11-22-45+0800__LIDAR_TOP__1532402932647284.pcd,,v1.0-mini/samples\LIDAR_TOP\n015-2018-07-24-11-22-45+0800__LIDAR_TOP__1532402932647284.pcd.bin,,,
n015-2018-07-24-11-22-45+0800__LIDAR_TOP__1532402933146604.pcd,,v1.0-mini/samples\LIDAR_TOP\n015-2018-07-24-11-22-45+0800__LIDAR_TOP__1532402933146604.pcd.bin,,,
n015-2018-07-24-11-22-45+0800__LIDAR_TOP__1532402933646462.pcd,,v1.0-mini/samples\LIDAR_TOP\n015-2018-07-24-11-22-45+0800__LIDAR_TOP__1532402933646462.pcd.bin,,,
n015-2018-07-24-11-22-45+0800__LIDAR_TOP__1532402934146351.pcd,,v1.0-mini/samples\LIDAR_TOP\n015-2018-07-24-11-22-45+0800__LIDAR_TOP__1532402934146351.pcd.bin,,,
n015-2018-07-24-11-22-45+0800__LIDAR_TOP__1532402934696555.pcd,,v1.0-mini/samples\LIDAR_TOP\n015-2018-07-24-11-22-45+0800__LIDAR_TOP__1532402934696555.pcd.bin,,,
n015-2018-07-24-11-22-45+0800__LIDAR_TOP__1532402935197541.pcd,,v1.0-mini/samples\LIDAR_TOP\n015-2018-07-24-11-22-45+0800__LIDAR_TOP__1532402935197541.pcd.bin,,,
n015-2018-07-24-11-22-45+0800__LIDAR_TOP__1532402935697945.pcd,,v1.0-mini/samples\LIDAR_TOP\n015-2018-07-24-11-22-45+0800__LIDAR_TOP__1532402935697945.pcd.bin,,,
n015-2018-07-24-11-22-45+0800__LIDAR_TOP__1532402936198962.pcd,,v1.0-mini/samples\LIDAR_TOP\n015-2018-07-24-11-22-45+0800__LIDAR_TOP__1532402936198962.pcd.bin,,,
n015-2018-07-24-11-22-45+0800__LIDAR_TOP__1532402936699359.pcd,,v1.0-mini/samples\LIDAR_TOP\n015-2018-07-24-11-22-45+0800__LIDAR_TOP__1532402936699359.pcd.bin,,,
n015-2018-07-24-11-22-45+0800__LIDAR_TOP__1532402937198682.pcd,,v1.0-mini/samples\LIDAR_TOP\n015-2018-07-24-11-22-45+0800__LIDAR_TOP__1532402937198682.pcd.bin,,,
n015-2018-07-24-11-22-45+0800__LIDAR_TOP__1532402937698000.pcd,,v1.0-mini/samples\LIDAR_TOP\n015-2018-07-24-11-22-45+0800__LIDAR_TOP__1532402937698000.pcd.bin,,,
n015-2018-07-24-11-22-45+0800__LIDAR_TOP__1532402938197897.pcd,,v1.0-mini/samples\LIDAR_TOP\n015-2018-07-24-11-22-45+0800__LIDAR_TOP__1532402938197897.pcd.bin,,,
n015-2018-07-24-11-22-45+0800__LIDAR_TOP__1532402938647444.pcd,,v1.0-mini/samples\LIDAR_TOP\n015-2018-07-24-11-22-45+0800__LIDAR_TOP__1532402938647444.pcd.bin,,,
n015-2018-07-24-11-22-45+0800__LIDAR_TOP__1532402939147334.pcd,,v1.0-mini/samples\LIDAR_TOP\n015-2018-07-24-11-22-45+0800__LIDAR_TOP__1532402939147334.pcd.bin,,,
n015-2018-07-24-11-22-45+0800__LIDAR_TOP__1532402939697511.pcd,,v1.0-mini/samples\LIDAR_TOP\n015-2018-07-24-11-22-45+0800__LIDAR_TOP__1532402939697511.pcd.bin,,,
n015-2018-07-24-11-22-45+0800__LIDAR_TOP__1532402940197958.pcd,,v1.0-mini/samples\LIDAR_TOP\n015-2018-07-24-11-22-45+0800__LIDAR_TOP__1532402940197958.pcd.bin,,,
n015-2018-07-24-11-22-45+0800__LIDAR_TOP__1532402940797343.pcd,,v1.0-mini/samples\LIDAR_TOP\n015-2018-07-24-11-22-45+0800__LIDAR_TOP__1532402940797343.pcd.bin,,,
n015-2018-07-24-11-22-45+0800__LIDAR_TOP__1532402941297218.pcd,,v1.0-mini/samples\LIDAR_TOP\n015-2018-07-24-11-22-45+0800__LIDAR_TOP__1532402941297218.pcd.bin,,,
n015-2018-07-24-11-22-45+0800__LIDAR_TOP__1532402941797653.pcd,,v1.0-mini/samples\LIDAR_TOP\n015-2018-07-24-11-22-45+0800__LIDAR_TOP__1532402941797653.pcd.bin,,,
n015-2018-07-24-11-22-45+0800__LIDAR_TOP__1532402942197463.pcd,,v1.0-mini/samples\LIDAR_TOP\n015-2018-07-24-11-22-45+0800__LIDAR_TOP__1532402942197463.pcd.bin,,,
n015-2018-07-24-11-22-45+0800__LIDAR_TOP__1532402942697870.pcd,,v1.0-mini/samples\LIDAR_TOP\n015-2018-07-24-11-22-45+0800__LIDAR_TOP__1532402942697870.pcd.bin,,,
n015-2018-07-24-11-22-45+0800__LIDAR_TOP__1532402943197769.pcd,,v1.0-mini/samples\LIDAR_TOP\n015-2018-07-24-11-22-45+0800__LIDAR_TOP__1532402943197769.pcd.bin,,,
n015-2018-07-24-11-22-45+0800__LIDAR_TOP__1532402943697655.pcd,,v1.0-mini/samples\LIDAR_TOP\n015-2018-07-24-11-22-45+0800__LIDAR_TOP__1532402943697655.pcd.bin,,,
n015-2018-07-24-11-22-45+0800__LIDAR_TOP__1532402944198088.pcd,,v1.0-mini/samples\LIDAR_TOP\n015-2018-07-24-11-22-45+0800__LIDAR_TOP__1532402944198088.pcd.bin,,,
n015-2018-07-24-11-22-45+0800__LIDAR_TOP__1532402944697931.pcd,,v1.0-mini/samples\LIDAR_TOP\n015-2018-07-24-11-22-45+0800__LIDAR_TOP__1532402944697931.pcd.bin,,,
n015-2018-07-24-11-22-45+0800__LIDAR_TOP__1532402945197276.pcd,,v1.0-mini/samples\LIDAR_TOP\n015-2018-07-24-11-22-45+0800__LIDAR_TOP__1532402945197276.pcd.bin,,,
n015-2018-07-24-11-22-45+0800__LIDAR_TOP__1532402945697148.pcd,,v1.0-mini/samples\LIDAR_TOP\n015-2018-07-24-11-22-45+0800__LIDAR_TOP__1532402945697148.pcd.bin,,,
n015-2018-07-24-11-22-45+0800__LIDAR_TOP__1532402946297085.pcd,,v1.0-mini/samples\LIDAR_TOP\n015-2018-07-24-11-22-45+0800__LIDAR_TOP__1532402946297085.pcd.bin,,,
n015-2018-07-24-11-22-45+0800__LIDAR_TOP__1532402946797517.pcd,,v1.0-mini/samples\LIDAR_TOP\n015-2018-07-24-11-22-45+0800__LIDAR_TOP__1532402946797517.pcd.bin,,,
n015-2018-10-02-10-50-40+0800__CAM_FRONT__1538448744412460,v1.0-mini/samples\CAM_FRONT\n015-2018-10-02-10-50-40+0800__CAM_FRONT__1538448744412460.jpg,,,,
n015-2018-10-02-10-50-40+0800__CAM_FRONT__1538448745012460,v1.0-mini/samples\CAM_FRONT\n015-2018-10-02-10-50-40+0800__CAM_FRONT__1538448745012460.jpg,,,,
n015-2018-10-02-10-50-40+0800__CAM_FRONT__1538448745512460,v1.0-mini/samples\CAM_FRONT\n015-2018-10-02-10-50-40+0800__CAM_FRONT__1538448745512460.jpg,,,,
n015-2018-10-02-10-50-40+0800__CAM_FRONT__1538448746012460,v1.0-mini/samples\CAM_FRONT\n015-2018-10-02-10-50-40+0800__CAM_FRONT__1538448746012460.jpg,,,,
n015-2018-10-02-10-50-40+0800__CAM_FRONT__1538448746512460,v1.0-mini/samples\CAM_FRONT\n015-2018-10-02-10-50-40+0800__CAM_FRONT__1538448746512460.jpg,,,,
n015-2018-10-02-10-50-40+0800__CAM_FRONT__1538448747012460,v1.0-mini/samples\CAM_FRONT\n015-2018-10-02-10-50-40+0800__CAM_FRONT__1538448747012460.jpg,,,,
n015-2018-10-02-10-50-40+0800__CAM_FRONT__1538448747512460,v1.0-mini/samples\CAM_FRONT\n015-2018-10-02-10-50-40+0800__CAM_FRONT__1538448747512460.jpg,,,,
n015-2018-10-02-10-50-40+0800__CAM_FRONT__1538448748012460,v1.0-mini/samples\CAM_FRONT\n015-2018-10-02-10-50-40+0800__CAM_FRONT__1538448748012460.jpg,,,,
n015-2018-10-02-10-50-40+0800__CAM_FRONT__1538448748512460,v1.0-mini/samples\CAM_FRONT\n015-2018-10-02-10-50-40+0800__CAM_FRONT__1538448748512460.jpg,,,,
n015-2018-10-02-10-50-40+0800__CAM_FRONT__1538448749012460,v1.0-mini/samples\CAM_FRONT\n015-2018-10-02-10-50-40+0800__CAM_FRONT__1538448749012460.jpg,,,,
n015-2018-10-02-10-50-40+0800__CAM_FRONT__1538448749512460,v1.0-mini/samples\CAM_FRONT\n015-2018-10-02-10-50-40+0800__CAM_FRONT__1538448749512460.jpg,,,,
n015-2018-10-02-10-50-40+0800__CAM_FRONT__1538448750012460,v1.0-mini/samples\CAM_FRONT\n015-2018-10-02-10-50-40+0800__CAM_FRONT__1538448750012460.jpg,,,,
n015-2018-10-02-10-50-40+0800__CAM_FRONT__1538448750512460,v1.0-mini/samples\CAM_FRONT\n015-2018-10-02-10-50-40+0800__CAM_FRONT__1538448750512460.jpg,,,,
n015-2018-10-02-10-50-40+0800__CAM_FRONT__1538448751012460,v1.0-mini/samples\CAM_FRONT\n015-2018-10-02-10-50-40+0800__CAM_FRONT__1538448751012460.jpg,,,,
n015-2018-10-02-10-50-40+0800__CAM_FRONT__1538448751512460,v1.0-mini/samples\CAM_FRONT\n015-2018-10-02-10-50-40+0800__CAM_FRONT__1538448751512460.jpg,,,,
n015-2018-10-02-10-50-40+0800__CAM_FRONT__1538448752012460,v1.0-mini/samples\CAM_FRONT\n015-2018-10-02-10-50-40+0800__CAM_FRONT__1538448752012460.jpg,,,,
n015-2018-10-02-10-50-40+0800__CAM_FRONT__1538448752512460,v1.0-mini/samples\CAM_FRONT\n015-2018-10-02-10-50-40+0800__CAM_FRONT__1538448752512460.jpg,,,,
n015-2018-10-02-10-50-40+0800__CAM_FRONT__1538448753012460,v1.0-mini/samples\CAM_FRONT\n015-2018-10-02-10-50-40+0800__CAM_FRONT__1538448753012460.jpg,,,,
n015-2018-10-02-10-50-40+0800__CAM_FRONT__1538448753512460,v1.0-mini/samples\CAM_FRONT\n015-2018-10-02-10-50-40+0800__CAM_FRONT__1538448753512460.jpg,,,,
n015-2018-10-02-10-50-40+0800__CAM_FRONT__1538448754012460,v1.0-mini/samples\CAM_FRONT\n015-2018-10-02-10-50-40+0800__CAM_FRONT__1538448754012460.jpg,,,,
n015-2018-10-02-10-50-40+0800__CAM_FRONT__1538448754512460,v1.0-mini/samples\CAM_FRONT\n015-2018-10-02-10-50-40+0800__CAM_FRONT__1538448754512460.jpg,,,,
n015-2018-10-02-10-50-40+0800__CAM_FRONT__1538448755012460,v1.0-mini/samples\CAM_FRONT\n015-2018-10-02-10-50-40+0800__CAM_FRONT__1538448755012460.jpg,,,,
n015-2018-10-02-10-50-40+0800__CAM_FRONT__1538448755512460,v1.0-mini/samples\CAM_FRONT\n015-2018-10-02-10-50-40+0800__CAM_FRONT__1538448755512460.jpg,,,,
n015-2018-10-02-10-50-40+0800__CAM_FRONT__1538448756012460,v1.0-mini/samples\CAM_FRONT\n015-2018-10-02-10-50-40+0800__CAM_FRONT__1538448756012460.jpg,,,,
n015-2018-10-02-10-50-40+0800__CAM_FRONT__1538448756512460,v1.0-mini/samples\CAM_FRONT\n015-2018-10-02-10-50-40+0800__CAM_FRONT__1538448756512460.jpg,,,,
n015-2018-10-02-10-50-40+0800__CAM_FRONT__1538448757012460,v1.0-mini/samples\CAM_FRONT\n015-2018-10-02-10-50-40+0800__CAM_FRONT__1538448757012460.jpg,,,,
n015-2018-10-02-10-50-40+0800__CAM_FRONT__1538448757512460,v1.0-mini/samples\CAM_FRONT\n015-2018-10-02-10-50-40+0800__CAM_FRONT__1538448757512460.jpg,,,,
n015-2018-10-02-10-50-40+0800__CAM_FRONT__1538448758012460,v1.0-mini/samples\CAM_FRONT\n015-2018-10-02-10-50-40+0800__CAM_FRONT__1538448758012460.jpg,,,,
n015-2018-10-02-10-50-40+0800__CAM_FRONT__1538448758512460,v1.0-mini/samples\CAM_FRONT\n015-2018-10-02-10-50-40+0800__CAM_FRONT__1538448758512460.jpg,,,,
n015-2018-10-02-10-50-40+0800__CAM_FRONT__1538448759012460,v1.0-mini/samples\CAM_FRONT\n015-2018-10-02-10-50-40+0800__CAM_FRONT__1538448759012460.jpg,,,,
n015-2018-10-02-10-50-40+0800__CAM_FRONT__1538448759512460,v1.0-mini/samples\CAM_FRONT\n015-2018-10-02-10-50-40+0800__CAM_FRONT__1538448759512460.jpg,,,,
n015-2018-10-02-10-50-40+0800__CAM_FRONT__1538448760012460,v1.0-mini/samples\CAM_FRONT\n015-2018-10-02-10-50-40+0800__CAM_FRONT__1538448760012460.jpg,,,,
n015-2018-10-02-10-50-40+0800__CAM_FRONT__1538448760512460,v1.0-mini/samples\CAM_FRONT\n015-2018-10-02-10-50-40+0800__CAM_FRONT__1538448760512460.jpg,,,,
n015-2018-10-02-10-50-40+0800__CAM_FRONT__1538448761012460,v1.0-mini/samples\CAM_FRONT\n015-2018-10-02-10-50-40+0800__CAM_FRONT__1538448761012460.jpg,,,,
n015-2018-10-02-10-50-40+0800__CAM_FRONT__1538448761512460,v1.0-mini/samples\CAM_FRONT\n015-2018-10-02-10-50-40+0800__CAM_FRONT__1538448761512460.jpg,,,,
n015-2018-10-02-10-50-40+0800__CAM_FRONT__1538448762012460,v1.0-mini/samples\CAM_FRONT\n015-2018-10-02-10-50-40+0800__CAM_FRONT__1538448762012460.jpg,,,,
n015-2018-10-02-10-50-40+0800__CAM_FRONT__1538448762512460,v1.0-mini/samples\CAM_FRONT\n015-2018-10-02-10-50-40+0800__CAM_FRONT__1538448762512460.jpg,,,,
n015-2018-10-02-10-50-40+0800__CAM_FRONT__1538448763012460,v1.0-mini/samples\CAM_FRONT\n015-2018-10-02-10-50-40+0800__CAM_FRONT__1538448763012460.jpg,,,,
n015-2018-10-02-10-50-40+0800__CAM_FRONT__1538448763512460,v1.0-mini/samples\CAM_FRONT\n015-2018-10-02-10-50-40+0800__CAM_FRONT__1538448763512460.jpg,,,,
n015-2018-10-02-10-50-40+0800__CAM_FRONT__1538448764012460,v1.0-mini/samples\CAM_FRONT\n015-2018-10-02-10-50-40+0800__CAM_FRONT__1538448764012460.jpg,,,,
n015-2018-10-02-10-50-40+0800__LIDAR_TOP__1538448744447639.pcd,,v1.0-mini/samples\LIDAR_TOP\n015-2018-10-02-10-50-40+0800__LIDAR_TOP__1538448744447639.pcd.bin,,,
n015-2018-10-02-10-50-40+0800__LIDAR_TOP__1538448745047596.pcd,,v1.0-mini/samples\LIDAR_TOP\n015-2018-10-02-10-50-40+0800__LIDAR_TOP__1538448745047596.pcd.bin,,,
n015-2018-10-02-10-50-40+0800__LIDAR_TOP__1538448745547460.pcd,,v1.0-mini/samples\LIDAR_TOP\n015-2018-10-02-10-50-40+0800__LIDAR_TOP__1538448745547460.pcd.bin,,,
n015-2018-10-02-10-50-40+0800__LIDAR_TOP__1538448746047898.pcd,,v1.0-mini/samples\LIDAR_TOP\n015-2018-10-02-10-50-40+0800__LIDAR_TOP__1538448746047898.pcd.bin,,,
n015-2018-10-02-10-50-40+0800__LIDAR_TOP__1538448746548329.pcd,,v1.0-mini/samples\LIDAR_TOP\n015-2018-10-02-10-50-40+0800__LIDAR_TOP__1538448746548329.pcd.bin,,,
n015-2018-10-02-10-50-40+0800__LIDAR_TOP__1538448747047643.pcd,,v1.0-mini/samples\LIDAR_TOP\n015-2018-10-02-10-50-40+0800__LIDAR_TOP__1538448747047643.pcd.bin,,,
n015-2018-10-02-10-50-40+0800__LIDAR_TOP__1538448747547529.pcd,,v1.0-mini/samples\LIDAR_TOP\n015-2018-10-02-10-50-40+0800__LIDAR_TOP__1538448747547529.pcd.bin,,,
n015-2018-10-02-10-50-40+0800__LIDAR_TOP__1538448748047387.pcd,,v1.0-mini/samples\LIDAR_TOP\n015-2018-10-02-10-50-40+0800__LIDAR_TOP__1538448748047387.pcd.bin,,,
n015-2018-10-02-10-50-40+0800__LIDAR_TOP__1538448748547277.pcd,,v1.0-mini/samples\LIDAR_TOP\n015-2018-10-02-10-50-40+0800__LIDAR_TOP__1538448748547277.pcd.bin,,,
n015-2018-10-02-10-50-40+0800__LIDAR_TOP__1538448749047731.pcd,,v1.0-mini/samples\LIDAR_TOP\n015-2018-10-02-10-50-40+0800__LIDAR_TOP__1538448749047731.pcd.bin,,,
n015-2018-10-02-10-50-40+0800__LIDAR_TOP__1538448749547584.pcd,,v1.0-mini/samples\LIDAR_TOP\n015-2018-10-02-10-50-40+0800__LIDAR_TOP__1538448749547584.pcd.bin,,,
n015-2018-10-02-10-50-40+0800__LIDAR_TOP__1538448750047463.pcd,,v1.0-mini/samples\LIDAR_TOP\n015-2018-10-02-10-50-40+0800__LIDAR_TOP__1538448750047463.pcd.bin,,,
n015-2018-10-02-10-50-40+0800__LIDAR_TOP__1538448750547877.pcd,,v1.0-mini/samples\LIDAR_TOP\n015-2018-10-02-10-50-40+0800__LIDAR_TOP__1538448750547877.pcd.bin,,,
n015-2018-10-02-10-50-40+0800__LIDAR_TOP__1538448751048300.pcd,,v1.0-mini/samples\LIDAR_TOP\n015-2018-10-02-10-50-40+0800__LIDAR_TOP__1538448751048300.pcd.bin,,,
n015-2018-10-02-10-50-40+0800__LIDAR_TOP__1538448751548178.pcd,,v1.0-mini/samples\LIDAR_TOP\n015-2018-10-02-10-50-40+0800__LIDAR_TOP__1538448751548178.pcd.bin,,,
n015-2018-10-02-10-50-40+0800__LIDAR_TOP__1538448752048628.pcd,,v1.0-mini/samples\LIDAR_TOP\n015-2018-10-02-10-50-40+0800__LIDAR_TOP__1538448752048628.pcd.bin,,,
n015-2018-10-02-10-50-40+0800__LIDAR_TOP__1538448752549040.pcd,,v1.0-mini/samples\LIDAR_TOP\n015-2018-10-02-10-50-40+0800__LIDAR_TOP__1538448752549040.pcd.bin,,,
n015-2018-10-02-10-50-40+0800__LIDAR_TOP__1538448753048377.pcd,,v1.0-mini/samples\LIDAR_TOP\n015-2018-10-02-10-50-40+0800__LIDAR_TOP__1538448753048377.pcd.bin,,,
n015-2018-10-02-10-50-40+0800__LIDAR_TOP__1538448753547684.pcd,,v1.0-mini/samples\LIDAR_TOP\n015-2018-10-02-10-50-40+0800__LIDAR_TOP__1538448753547684.pcd.bin,,,
n015-2018-10-02-10-50-40+0800__LIDAR_TOP__1538448754047572.pcd,,v1.0-mini/samples\LIDAR_TOP\n015-2018-10-02-10-50-40+0800__LIDAR_TOP__1538448754047572.pcd.bin,,,
n015-2018-10-02-10-50-40+0800__LIDAR_TOP__1538448754547448.pcd,,v1.0-mini/samples\LIDAR_TOP\n015-2018-10-02-10-50-40+0800__LIDAR_TOP__1538448754547448.pcd.bin,,,
n015-2018-10-02-10-50-40+0800__LIDAR_TOP__1538448755047865.pcd,,v1.0-mini/samples\LIDAR_TOP\n015-2018-10-02-10-50-40+0800__LIDAR_TOP__1538448755047865.pcd.bin,,,
n015-2018-10-02-10-50-40+0800__LIDAR_TOP__1538448755548316.pcd,,v1.0-mini/samples\LIDAR_TOP\n015-2018-10-02-10-50-40+0800__LIDAR_TOP__1538448755548316.pcd.bin,,,
n015-2018-10-02-10-50-40+0800__LIDAR_TOP__1538448756050426.pcd,,v1.0-mini/samples\LIDAR_TOP\n015-2018-10-02-10-50-40+0800__LIDAR_TOP__1538448756050426.pcd.bin,,,
n015-2018-10-02-10-50-40+0800__LIDAR_TOP__1538448756547528.pcd,,v1.0-mini/samples\LIDAR_TOP\n015-2018-10-02-10-50-40+0800__LIDAR_TOP__1538448756547528.pcd.bin,,,
n015-2018-10-02-10-50-40+0800__LIDAR_TOP__1538448757048500.pcd,,v1.0-mini/samples\LIDAR_TOP\n015-2018-10-02-10-50-40+0800__LIDAR_TOP__1538448757048500.pcd.bin,,,
n015-2018-10-02-10-50-40+0800__LIDAR_TOP__1538448757548354.pcd,,v1.0-mini/samples\LIDAR_TOP\n015-2018-10-02-10-50-40+0800__LIDAR_TOP__1538448757548354.pcd.bin,,,
n015-2018-10-02-10-50-40+0800__LIDAR_TOP__1538448758048230.pcd,,v1.0-mini/samples\LIDAR_TOP\n015-2018-10-02-10-50-40+0800__LIDAR_TOP__1538448758048230.pcd.bin,,,
n015-2018-10-02-10-50-40+0800__LIDAR_TOP__1538448758547578.pcd,,v1.0-mini/samples\LIDAR_TOP\n015-2018-10-02-10-50-40+0800__LIDAR_TOP__1538448758547578.pcd.bin,,,
n015-2018-10-02-10-50-40+0800__LIDAR_TOP__1538448759047433.pcd,,v1.0-mini/samples\LIDAR_TOP\n015-2018-10-02-10-50-40+0800__LIDAR_TOP__1538448759047433.pcd.bin,,,
n015-2018-10-02-10-50-40+0800__LIDAR_TOP__1538448759546758.pcd,,v1.0-mini/samples\LIDAR_TOP\n015-2018-10-02-10-50-40+0800__LIDAR_TOP__1538448759546758.pcd.bin,,,
n015-2018-10-02-10-50-40+0800__LIDAR_TOP__1538448760047738.pcd,,v1.0-mini/samples\LIDAR_TOP\n015-2018-10-02-10-50-40+0800__LIDAR_TOP__1538448760047738.pcd.bin,,,
n015-2018-10-02-10-50-40+0800__LIDAR_TOP__1538448760548179.pcd,,v1.0-mini/samples\LIDAR_TOP\n015-2018-10-02-10-50-40+0800__LIDAR_TOP__1538448760548179.pcd.bin,,,
n015-2018-10-02-10-50-40+0800__LIDAR_TOP__1538448761048087.pcd,,v1.0-mini/samples\LIDAR_TOP\n015-2018-10-02-10-50-40+0800__LIDAR_TOP__1538448761048087.pcd.bin,,,
n015-2018-10-02-10-50-40+0800__LIDAR_TOP__1538448761548500.pcd,,v1.0-mini/samples\LIDAR_TOP\n015-2018-10-02-10-50-40+0800__LIDAR_TOP__1538448761548500.pcd.bin,,,
n015-2018-10-02-10-50-40+0800__LIDAR_TOP__1538448762048350.pcd,,v1.0-mini/samples\LIDAR_TOP\n015-2018-10-02-10-50-40+0800__LIDAR_TOP__1538448762048350.pcd.bin,,,
n015-2018-10-02-10-50-40+0800__LIDAR_TOP__1538448762547686.pcd,,v1.0-mini/samples\LIDAR_TOP\n015-2018-10-02-10-50-40+0800__LIDAR_TOP__1538448762547686.pcd.bin,,,
n015-2018-10-02-10-50-40+0800__LIDAR_TOP__1538448763047541.pcd,,v1.0-mini/samples\LIDAR_TOP\n015-2018-10-02-10-50-40+0800__LIDAR_TOP__1538448763047541.pcd.bin,,,
n015-2018-10-02-10-50-40+0800__LIDAR_TOP__1538448763547987.pcd,,v1.0-mini/samples\LIDAR_TOP\n015-2018-10-02-10-50-40+0800__LIDAR_TOP__1538448763547987.pcd.bin,,,
n015-2018-10-02-10-50-40+0800__LIDAR_TOP__1538448764047314.pcd,,v1.0-mini/samples\LIDAR_TOP\n015-2018-10-02-10-50-40+0800__LIDAR_TOP__1538448764047314.pcd.bin,,,
n015-2018-10-08-15-36-50+0800__CAM_FRONT__1538984233512470,v1.0-mini/samples\CAM_FRONT\n015-2018-10-08-15-36-50+0800__CAM_FRONT__1538984233512470.jpg,,,,
n015-2018-10-08-15-36-50+0800__CAM_FRONT__1538984234012472,v1.0-mini/samples\CAM_FRONT\n015-2018-10-08-15-36-50+0800__CAM_FRONT__1538984234012472.jpg,,,,
n015-2018-10-08-15-36-50+0800__CAM_FRONT__1538984234512460,v1.0-mini/samples\CAM_FRONT\n015-2018-10-08-15-36-50+0800__CAM_FRONT__1538984234512460.jpg,,,,
n015-2018-10-08-15-36-50+0800__CAM_FRONT__1538984234912460,v1.0-mini/samples\CAM_FRONT\n015-2018-10-08-15-36-50+0800__CAM_FRONT__1538984234912460.jpg,,,,
n015-2018-10-08-15-36-50+0800__CAM_FRONT__1538984235412460,v1.0-mini/samples\CAM_FRONT\n015-2018-10-08-15-36-50+0800__CAM_FRONT__1538984235412460.jpg,,,,
n015-2018-10-08-15-36-50+0800__CAM_FRONT__1538984235912460,v1.0-mini/samples\CAM_FRONT\n015-2018-10-08-15-36-50+0800__CAM_FRONT__1538984235912460.jpg,,,,
n015-2018-10-08-15-36-50+0800__CAM_FRONT__1538984236412460,v1.0-mini/samples\CAM_FRONT\n015-2018-10-08-15-36-50+0800__CAM_FRONT__1538984236412460.jpg,,,,
n015-2018-10-08-15-36-50+0800__CAM_FRONT__1538984236912460,v1.0-mini/samples\CAM_FRONT\n015-2018-10-08-15-36-50+0800__CAM_FRONT__1538984236912460.jpg,,,,
n015-2018-10-08-15-36-50+0800__CAM_FRONT__1538984237412460,v1.0-mini/samples\CAM_FRONT\n015-2018-10-08-15-36-50+0800__CAM_FRONT__1538984237412460.jpg,,,,
n015-2018-10-08-15-36-50+0800__CAM_FRONT__1538984237912460,v1.0-mini/samples\CAM_FRONT\n015-2018-10-08-15-36-50+0800__CAM_FRONT__1538984237912460.jpg,,,,
n015-2018-10-08-15-36-50+0800__CAM_FRONT__1538984238412460,v1.0-mini/samples\CAM_FRONT\n015-2018-10-08-15-36-50+0800__CAM_FRONT__1538984238412460.jpg,,,,
n015-2018-10-08-15-36-50+0800__CAM_FRONT__1538984238912460,v1.0-mini/samples\CAM_FRONT\n015-2018-10-08-15-36-50+0800__CAM_FRONT__1538984238912460.jpg,,,,
n015-2018-10-08-15-36-50+0800__CAM_FRONT__1538984239412460,v1.0-mini/samples\CAM_FRONT\n015-2018-10-08-15-36-50+0800__CAM_FRONT__1538984239412460.jpg,,,,
n015-2018-10-08-15-36-50+0800__CAM_FRONT__1538984239912460,v1.0-mini/samples\CAM_FRONT\n015-2018-10-08-15-36-50+0800__CAM_FRONT__1538984239912460.jpg,,,,
n015-2018-10-08-15-36-50+0800__CAM_FRONT__1538984240412460,v1.0-mini/samples\CAM_FRONT\n015-2018-10-08-15-36-50+0800__CAM_FRONT__1538984240412460.jpg,,,,
n015-2018-10-08-15-36-50+0800__CAM_FRONT__1538984240912467,v1.0-mini/samples\CAM_FRONT\n015-2018-10-08-15-36-50+0800__CAM_FRONT__1538984240912467.jpg,,,,
n015-2018-10-08-15-36-50+0800__CAM_FRONT__1538984241412460,v1.0-mini/samples\CAM_FRONT\n015-2018-10-08-15-36-50+0800__CAM_FRONT__1538984241412460.jpg,,,,
n015-2018-10-08-15-36-50+0800__CAM_FRONT__1538984241912460,v1.0-mini/samples\CAM_FRONT\n015-2018-10-08-15-36-50+0800__CAM_FRONT__1538984241912460.jpg,,,,
n015-2018-10-08-15-36-50+0800__CAM_FRONT__1538984242412460,v1.0-mini/samples\CAM_FRONT\n015-2018-10-08-15-36-50+0800__CAM_FRONT__1538984242412460.jpg,,,,
n015-2018-10-08-15-36-50+0800__CAM_FRONT__1538984242912460,v1.0-mini/samples\CAM_FRONT\n015-2018-10-08-15-36-50+0800__CAM_FRONT__1538984242912460.jpg,,,,
n015-2018-10-08-15-36-50+0800__CAM_FRONT__1538984243412460,v1.0-mini/samples\CAM_FRONT\n015-2018-10-08-15-36-50+0800__CAM_FRONT__1538984243412460.jpg,,,,
n015-2018-10-08-15-36-50+0800__CAM_FRONT__1538984243912460,v1.0-mini/samples\CAM_FRONT\n015-2018-10-08-15-36-50+0800__CAM_FRONT__1538984243912460.jpg,,,,
n015-2018-10-08-15-36-50+0800__CAM_FRONT__1538984244412460,v1.0-mini/samples\CAM_FRONT\n015-2018-10-08-15-36-50+0800__CAM_FRONT__1538984244412460.jpg,,,,
n015-2018-10-08-15-36-50+0800__CAM_FRONT__1538984244912460,v1.0-mini/samples\CAM_FRONT\n015-2018-10-08-15-36-50+0800__CAM_FRONT__1538984244912460.jpg,,,,
n015-2018-10-08-15-36-50+0800__CAM_FRONT__1538984245412460,v1.0-mini/samples\CAM_FRONT\n015-2018-10-08-15-36-50+0800__CAM_FRONT__1538984245412460.jpg,,,,
n015-2018-10-08-15-36-50+0800__CAM_FRONT__1538984245912460,v1.0-mini/samples\CAM_FRONT\n015-2018-10-08-15-36-50+0800__CAM_FRONT__1538984245912460.jpg,,,,
n015-2018-10-08-15-36-50+0800__CAM_FRONT__1538984246412460,v1.0-mini/samples\CAM_FRONT\n015-2018-10-08-15-36-50+0800__CAM_FRONT__1538984246412460.jpg,,,,
n015-2018-10-08-15-36-50+0800__CAM_FRONT__1538984246912460,v1.0-mini/samples\CAM_FRONT\n015-2018-10-08-15-36-50+0800__CAM_FRONT__1538984246912460.jpg,,,,
n015-2018-10-08-15-36-50+0800__CAM_FRONT__1538984247412460,v1.0-mini/samples\CAM_FRONT\n015-2018-10-08-15-36-50+0800__CAM_FRONT__1538984247412460.jpg,,,,
n015-2018-10-08-15-36-50+0800__CAM_FRONT__1538984247912460,v1.0-mini/samples\CAM_FRONT\n015-2018-10-08-15-36-50+0800__CAM_FRONT__1538984247912460.jpg,,,,
n015-2018-10-08-15-36-50+0800__CAM_FRONT__1538984248412460,v1.0-mini/samples\CAM_FRONT\n015-2018-10-08-15-36-50+0800__CAM_FRONT__1538984248412460.jpg,,,,
n015-2018-10-08-15-36-50+0800__CAM_FRONT__1538984248912460,v1.0-mini/samples\CAM_FRONT\n015-2018-10-08-15-36-50+0800__CAM_FRONT__1538984248912460.jpg,,,,
n015-2018-10-08-15-36-50+0800__CAM_FRONT__1538984249412460,v1.0-mini/samples\CAM_FRONT\n015-2018-10-08-15-36-50+0800__CAM_FRONT__1538984249412460.jpg,,,,
n015-2018-10-08-15-36-50+0800__CAM_FRONT__1538984249912460,v1.0-mini/samples\CAM_FRONT\n015-2018-10-08-15-36-50+0800__CAM_FRONT__1538984249912460.jpg,,,,
n015-2018-10-08-15-36-50+0800__CAM_FRONT__1538984250412460,v1.0-mini/samples\CAM_FRONT\n015-2018-10-08-15-36-50+0800__CAM_FRONT__1538984250412460.jpg,,,,
n015-2018-10-08-15-36-50+0800__CAM_FRONT__1538984250912460,v1.0-mini/samples\CAM_FRONT\n015-2018-10-08-15-36-50+0800__CAM_FRONT__1538984250912460.jpg,,,,
n015-2018-10-08-15-36-50+0800__CAM_FRONT__1538984251412460,v1.0-mini/samples\CAM_FRONT\n015-2018-10-08-15-36-50+0800__CAM_FRONT__1538984251412460.jpg,,,,
n015-2018-10-08-15-36-50+0800__CAM_FRONT__1538984251912460,v1.0-mini/samples\CAM_FRONT\n015-2018-10-08-15-36-50+0800__CAM_FRONT__1538984251912460.jpg,,,,
n015-2018-10-08-15-36-50+0800__CAM_FRONT__1538984252412460,v1.0-mini/samples\CAM_FRONT\n015-2018-10-08-15-36-50+0800__CAM_FRONT__1538984252412460.jpg,,,,
n015-2018-10-08-15-36-50+0800__CAM_FRONT__1538984252912460,v1.0-mini/samples\CAM_FRONT\n015-2018-10-08-15-36-50+0800__CAM_FRONT__1538984252912460.jpg,,,,
n015-2018-10-08-15-36-50+0800__CAM_FRONT__1538984253412460,v1.0-mini/samples\CAM_FRONT\n015-2018-10-08-15-36-50+0800__CAM_FRONT__1538984253412460.jpg,,,,
n015-2018-10-08-15-36-50+0800__LIDAR_TOP__1538984233547259.pcd,,v1.0-mini/samples\LIDAR_TOP\n015-2018-10-08-15-36-50+0800__LIDAR_TOP__1538984233547259.pcd.bin,,,
n015-2018-10-08-15-36-50+0800__LIDAR_TOP__1538984234047134.pcd,,v1.0-mini/samples\LIDAR_TOP\n015-2018-10-08-15-36-50+0800__LIDAR_TOP__1538984234047134.pcd.bin,,,
n015-2018-10-08-15-36-50+0800__LIDAR_TOP__1538984234547551.pcd,,v1.0-mini/samples\LIDAR_TOP\n015-2018-10-08-15-36-50+0800__LIDAR_TOP__1538984234547551.pcd.bin,,,
n015-2018-10-08-15-36-50+0800__LIDAR_TOP__1538984234947904.pcd,,v1.0-mini/samples\LIDAR_TOP\n015-2018-10-08-15-36-50+0800__LIDAR_TOP__1538984234947904.pcd.bin,,,
n015-2018-10-08-15-36-50+0800__LIDAR_TOP__1538984235447825.pcd,,v1.0-mini/samples\LIDAR_TOP\n015-2018-10-08-15-36-50+0800__LIDAR_TOP__1538984235447825.pcd.bin,,,
n015-2018-10-08-15-36-50+0800__LIDAR_TOP__1538984235947081.pcd,,v1.0-mini/samples\LIDAR_TOP\n015-2018-10-08-15-36-50+0800__LIDAR_TOP__1538984235947081.pcd.bin,,,
n015-2018-10-08-15-36-50+0800__LIDAR_TOP__1538984236446970.pcd,,v1.0-mini/samples\LIDAR_TOP\n015-2018-10-08-15-36-50+0800__LIDAR_TOP__1538984236446970.pcd.bin,,,
n015-2018-10-08-15-36-50+0800__LIDAR_TOP__1538984236946289.pcd,,v1.0-mini/samples\LIDAR_TOP\n015-2018-10-08-15-36-50+0800__LIDAR_TOP__1538984236946289.pcd.bin,,,
n015-2018-10-08-15-36-50+0800__LIDAR_TOP__1538984237446737.pcd,,v1.0-mini/samples\LIDAR_TOP\n015-2018-10-08-15-36-50+0800__LIDAR_TOP__1538984237446737.pcd.bin,,,
n015-2018-10-08-15-36-50+0800__LIDAR_TOP__1538984237947155.pcd,,v1.0-mini/samples\LIDAR_TOP\n015-2018-10-08-15-36-50+0800__LIDAR_TOP__1538984237947155.pcd.bin,,,
n015-2018-10-08-15-36-50+0800__LIDAR_TOP__1538984238447571.pcd,,v1.0-mini/samples\LIDAR_TOP\n015-2018-10-08-15-36-50+0800__LIDAR_TOP__1538984238447571.pcd.bin,,,
n015-2018-10-08-15-36-50+0800__LIDAR_TOP__1538984238948012.pcd,,v1.0-mini/samples\LIDAR_TOP\n015-2018-10-08-15-36-50+0800__LIDAR_TOP__1538984238948012.pcd.bin,,,
n015-2018-10-08-15-36-50+0800__LIDAR_TOP__1538984239448435.pcd,,v1.0-mini/samples\LIDAR_TOP\n015-2018-10-08-15-36-50+0800__LIDAR_TOP__1538984239448435.pcd.bin,,,
n015-2018-10-08-15-36-50+0800__LIDAR_TOP__1538984239948316.pcd,,v1.0-mini/samples\LIDAR_TOP\n015-2018-10-08-15-36-50+0800__LIDAR_TOP__1538984239948316.pcd.bin,,,
n015-2018-10-08-15-36-50+0800__LIDAR_TOP__1538984240448191.pcd,,v1.0-mini/samples\LIDAR_TOP\n015-2018-10-08-15-36-50+0800__LIDAR_TOP__1538984240448191.pcd.bin,,,
n015-2018-10-08-15-36-50+0800__LIDAR_TOP__1538984240947518.pcd,,v1.0-mini/samples\LIDAR_TOP\n015-2018-10-08-15-36-50+0800__LIDAR_TOP__1538984240947518.pcd.bin,,,
n015-2018-10-08-15-36-50+0800__LIDAR_TOP__1538984241447959.pcd,,v1.0-mini/samples\LIDAR_TOP\n015-2018-10-08-15-36-50+0800__LIDAR_TOP__1538984241447959.pcd.bin,,,
n015-2018-10-08-15-36-50+0800__LIDAR_TOP__1538984241947812.pcd,,v1.0-mini/samples\LIDAR_TOP\n015-2018-10-08-15-36-50+0800__LIDAR_TOP__1538984241947812.pcd.bin,,,
n015-2018-10-08-15-36-50+0800__LIDAR_TOP__1538984242447730.pcd,,v1.0-mini/samples\LIDAR_TOP\n015-2018-10-08-15-36-50+0800__LIDAR_TOP__1538984242447730.pcd.bin,,,
n015-2018-10-08-15-36-50+0800__LIDAR_TOP__1538984242947023.pcd,,v1.0-mini/samples\LIDAR_TOP\n015-2018-10-08-15-36-50+0800__LIDAR_TOP__1538984242947023.pcd.bin,,,
n015-2018-10-08-15-36-50+0800__LIDAR_TOP__1538984243446332.pcd,,v1.0-mini/samples\LIDAR_TOP\n015-2018-10-08-15-36-50+0800__LIDAR_TOP__1538984243446332.pcd.bin,,,
n015-2018-10-08-15-36-50+0800__LIDAR_TOP__1538984243946219.pcd,,v1.0-mini/samples\LIDAR_TOP\n015-2018-10-08-15-36-50+0800__LIDAR_TOP__1538984243946219.pcd.bin,,,
n015-2018-10-08-15-36-50+0800__LIDAR_TOP__1538984244446640.pcd,,v1.0-mini/samples\LIDAR_TOP\n015-2018-10-08-15-36-50+0800__LIDAR_TOP__1538984244446640.pcd.bin,,,
n015-2018-10-08-15-36-50+0800__LIDAR_TOP__1538984244946513.pcd,,v1.0-mini/samples\LIDAR_TOP\n015-2018-10-08-15-36-50+0800__LIDAR_TOP__1538984244946513.pcd.bin,,,
n015-2018-10-08-15-36-50+0800__LIDAR_TOP__1538984245447134.pcd,,v1.0-mini/samples\LIDAR_TOP\n015-2018-10-08-15-36-50+0800__LIDAR_TOP__1538984245447134.pcd.bin,,,
n015-2018-10-08-15-36-50+0800__LIDAR_TOP__1538984245947391.pcd,,v1.0-mini/samples\LIDAR_TOP\n015-2018-10-08-15-36-50+0800__LIDAR_TOP__1538984245947391.pcd.bin,,,
n015-2018-10-08-15-36-50+0800__LIDAR_TOP__1538984246447815.pcd,,v1.0-mini/samples\LIDAR_TOP\n015-2018-10-08-15-36-50+0800__LIDAR_TOP__1538984246447815.pcd.bin,,,
n015-2018-10-08-15-36-50+0800__LIDAR_TOP__1538984246948247.pcd,,v1.0-mini/samples\LIDAR_TOP\n015-2018-10-08-15-36-50+0800__LIDAR_TOP__1538984246948247.pcd.bin,,,
n015-2018-10-08-15-36-50+0800__LIDAR_TOP__1538984247449248.pcd,,v1.0-mini/samples\LIDAR_TOP\n015-2018-10-08-15-36-50+0800__LIDAR_TOP__1538984247449248.pcd.bin,,,
n015-2018-10-08-15-36-50+0800__LIDAR_TOP__1538984247949081.pcd,,v1.0-mini/samples\LIDAR_TOP\n015-2018-10-08-15-36-50+0800__LIDAR_TOP__1538984247949081.pcd.bin,,,
n015-2018-10-08-15-36-50+0800__LIDAR_TOP__1538984248448966.pcd,,v1.0-mini/samples\LIDAR_TOP\n015-2018-10-08-15-36-50+0800__LIDAR_TOP__1538984248448966.pcd.bin,,,
n015-2018-10-08-15-36-50+0800__LIDAR_TOP__1538984248948287.pcd,,v1.0-mini/samples\LIDAR_TOP\n015-2018-10-08-15-36-50+0800__LIDAR_TOP__1538984248948287.pcd.bin,,,
n015-2018-10-08-15-36-50+0800__LIDAR_TOP__1538984249448168.pcd,,v1.0-mini/samples\LIDAR_TOP\n015-2018-10-08-15-36-50+0800__LIDAR_TOP__1538984249448168.pcd.bin,,,
n015-2018-10-08-15-36-50+0800__LIDAR_TOP__1538984249948039.pcd,,v1.0-mini/samples\LIDAR_TOP\n015-2018-10-08-15-36-50+0800__LIDAR_TOP__1538984249948039.pcd.bin,,,
n015-2018-10-08-15-36-50+0800__LIDAR_TOP__1538984250447364.pcd,,v1.0-mini/samples\LIDAR_TOP\n015-2018-10-08-15-36-50+0800__LIDAR_TOP__1538984250447364.pcd.bin,,,
n015-2018-10-08-15-36-50+0800__LIDAR_TOP__1538984250947236.pcd,,v1.0-mini/samples\LIDAR_TOP\n015-2018-10-08-15-36-50+0800__LIDAR_TOP__1538984250947236.pcd.bin,,,
n015-2018-10-08-15-36-50+0800__LIDAR_TOP__1538984251447166.pcd,,v1.0-mini/samples\LIDAR_TOP\n015-2018-10-08-15-36-50+0800__LIDAR_TOP__1538984251447166.pcd.bin,,,
n015-2018-10-08-15-36-50+0800__LIDAR_TOP__1538984251947010.pcd,,v1.0-mini/samples\LIDAR_TOP\n015-2018-10-08-15-36-50+0800__LIDAR_TOP__1538984251947010.pcd.bin,,,
n015-2018-10-08-15-36-50+0800__LIDAR_TOP__1538984252446890.pcd,,v1.0-mini/samples\LIDAR_TOP\n015-2018-10-08-15-36-50+0800__LIDAR_TOP__1538984252446890.pcd.bin,,,
n015-2018-10-08-15-36-50+0800__LIDAR_TOP__1538984252947312.pcd,,v1.0-mini/samples\LIDAR_TOP\n015-2018-10-08-15-36-50+0800__LIDAR_TOP__1538984252947312.pcd.bin,,,
n015-2018-10-08-15-36-50+0800__LIDAR_TOP__1538984253447765.pcd,,v1.0-mini/samples\LIDAR_TOP\n015-2018-10-08-15-36-50+0800__LIDAR_TOP__1538984253447765.pcd.bin,,,
n015-2018-11-21-19-38-26+0800__CAM_FRONT__1542800367912460,v1.0-mini/samples\CAM_FRONT\n015-2018-11-21-19-38-26+0800__CAM_FRONT__1542800367912460.jpg,,,,
n015-2018-11-21-19-38-26+0800__CAM_FRONT__1542800368412460,v1.0-mini/samples\CAM_FRONT\n015-2018-11-21-19-38-26+0800__CAM_FRONT__1542800368412460.jpg,,,,
n015-2018-11-21-19-38-26+0800__CAM_FRONT__1542800368912460,v1.0-mini/samples\CAM_FRONT\n015-2018-11-21-19-38-26+0800__CAM_FRONT__1542800368912460.jpg,,,,
n015-2018-11-21-19-38-26+0800__CAM_FRONT__1542800369412460,v1.0-mini/samples\CAM_FRONT\n015-2018-11-21-19-38-26+0800__CAM_FRONT__1542800369412460.jpg,,,,
n015-2018-11-21-19-38-26+0800__CAM_FRONT__1542800369912460,v1.0-mini/samples\CAM_FRONT\n015-2018-11-21-19-38-26+0800__CAM_FRONT__1542800369912460.jpg,,,,
n015-2018-11-21-19-38-26+0800__CAM_FRONT__1542800370412460,v1.0-mini/samples\CAM_FRONT\n015-2018-11-21-19-38-26+0800__CAM_FRONT__1542800370412460.jpg,,,,
n015-2018-11-21-19-38-26+0800__CAM_FRONT__1542800370912460,v1.0-mini/samples\CAM_FRONT\n015-2018-11-21-19-38-26+0800__CAM_FRONT__1542800370912460.jpg,,,,
n015-2018-11-21-19-38-26+0800__CAM_FRONT__1542800371412460,v1.0-mini/samples\CAM_FRONT\n015-2018-11-21-19-38-26+0800__CAM_FRONT__1542800371412460.jpg,,,,
n015-2018-11-21-19-38-26+0800__CAM_FRONT__1542800371912471,v1.0-mini/samples\CAM_FRONT\n015-2018-11-21-19-38-26+0800__CAM_FRONT__1542800371912471.jpg,,,,
n015-2018-11-21-19-38-26+0800__CAM_FRONT__1542800372362460,v1.0-mini/samples\CAM_FRONT\n015-2018-11-21-19-38-26+0800__CAM_FRONT__1542800372362460.jpg,,,,
n015-2018-11-21-19-38-26+0800__CAM_FRONT__1542800372912460,v1.0-mini/samples\CAM_FRONT\n015-2018-11-21-19-38-26+0800__CAM_FRONT__1542800372912460.jpg,,,,
n015-2018-11-21-19-38-26+0800__CAM_FRONT__1542800373412460,v1.0-mini/samples\CAM_FRONT\n015-2018-11-21-19-38-26+0800__CAM_FRONT__1542800373412460.jpg,,,,
n015-2018-11-21-19-38-26+0800__CAM_FRONT__1542800373912460,v1.0-mini/samples\CAM_FRONT\n015-2018-11-21-19-38-26+0800__CAM_FRONT__1542800373912460.jpg,,,,
n015-2018-11-21-19-38-26+0800__CAM_FRONT__1542800374412460,v1.0-mini/samples\CAM_FRONT\n015-2018-11-21-19-38-26+0800__CAM_FRONT__1542800374412460.jpg,,,,
n015-2018-11-21-19-38-26+0800__CAM_FRONT__1542800374912460,v1.0-mini/samples\CAM_FRONT\n015-2018-11-21-19-38-26+0800__CAM_FRONT__1542800374912460.jpg,,,,
n015-2018-11-21-19-38-26+0800__CAM_FRONT__1542800375412460,v1.0-mini/samples\CAM_FRONT\n015-2018-11-21-19-38-26+0800__CAM_FRONT__1542800375412460.jpg,,,,
n015-2018-11-21-19-38-26+0800__CAM_FRONT__1542800375912460,v1.0-mini/samples\CAM_FRONT\n015-2018-11-21-19-38-26+0800__CAM_FRONT__1542800375912460.jpg,,,,
n015-2018-11-21-19-38-26+0800__CAM_FRONT__1542800376412496,v1.0-mini/samples\CAM_FRONT\n015-2018-11-21-19-38-26+0800__CAM_FRONT__1542800376412496.jpg,,,,
n015-2018-11-21-19-38-26+0800__CAM_FRONT__1542800376912460,v1.0-mini/samples\CAM_FRONT\n015-2018-11-21-19-38-26+0800__CAM_FRONT__1542800376912460.jpg,,,,
n015-2018-11-21-19-38-26+0800__CAM_FRONT__1542800377412460,v1.0-mini/samples\CAM_FRONT\n015-2018-11-21-19-38-26+0800__CAM_FRONT__1542800377412460.jpg,,,,
n015-2018-11-21-19-38-26+0800__CAM_FRONT__1542800377862460,v1.0-mini/samples\CAM_FRONT\n015-2018-11-21-19-38-26+0800__CAM_FRONT__1542800377862460.jpg,,,,
n015-2018-11-21-19-38-26+0800__CAM_FRONT__1542800378362460,v1.0-mini/samples\CAM_FRONT\n015-2018-11-21-19-38-26+0800__CAM_FRONT__1542800378362460.jpg,,,,
n015-2018-11-21-19-38-26+0800__CAM_FRONT__1542800378862460,v1.0-mini/samples\CAM_FRONT\n015-2018-11-21-19-38-26+0800__CAM_FRONT__1542800378862460.jpg,,,,
n015-2018-11-21-19-38-26+0800__CAM_FRONT__1542800379362460,v1.0-mini/samples\CAM_FRONT\n015-2018-11-21-19-38-26+0800__CAM_FRONT__1542800379362460.jpg,,,,
n015-2018-11-21-19-38-26+0800__CAM_FRONT__1542800379862460,v1.0-mini/samples\CAM_FRONT\n015-2018-11-21-19-38-26+0800__CAM_FRONT__1542800379862460.jpg,,,,
n015-2018-11-21-19-38-26+0800__CAM_FRONT__1542800380362460,v1.0-mini/samples\CAM_FRONT\n015-2018-11-21-19-38-26+0800__CAM_FRONT__1542800380362460.jpg,,,,
n015-2018-11-21-19-38-26+0800__CAM_FRONT__1542800380912460,v1.0-mini/samples\CAM_FRONT\n015-2018-11-21-19-38-26+0800__CAM_FRONT__1542800380912460.jpg,,,,
n015-2018-11-21-19-38-26+0800__CAM_FRONT__1542800381412460,v1.0-mini/samples\CAM_FRONT\n015-2018-11-21-19-38-26+0800__CAM_FRONT__1542800381412460.jpg,,,,
n015-2018-11-21-19-38-26+0800__CAM_FRONT__1542800381862460,v1.0-mini/samples\CAM_FRONT\n015-2018-11-21-19-38-26+0800__CAM_FRONT__1542800381862460.jpg,,,,
n015-2018-11-21-19-38-26+0800__CAM_FRONT__1542800382362460,v1.0-mini/samples\CAM_FRONT\n015-2018-11-21-19-38-26+0800__CAM_FRONT__1542800382362460.jpg,,,,
n015-2018-11-21-19-38-26+0800__CAM_FRONT__1542800382862460,v1.0-mini/samples\CAM_FRONT\n015-2018-11-21-19-38-26+0800__CAM_FRONT__1542800382862460.jpg,,,,
n015-2018-11-21-19-38-26+0800__CAM_FRONT__1542800383362460,v1.0-mini/samples\CAM_FRONT\n015-2018-11-21-19-38-26+0800__CAM_FRONT__1542800383362460.jpg,,,,
n015-2018-11-21-19-38-26+0800__CAM_FRONT__1542800383862460,v1.0-mini/samples\CAM_FRONT\n015-2018-11-21-19-38-26+0800__CAM_FRONT__1542800383862460.jpg,,,,
n015-2018-11-21-19-38-26+0800__CAM_FRONT__1542800384362460,v1.0-mini/samples\CAM_FRONT\n015-2018-11-21-19-38-26+0800__CAM_FRONT__1542800384362460.jpg,,,,
n015-2018-11-21-19-38-26+0800__CAM_FRONT__1542800384912460,v1.0-mini/samples\CAM_FRONT\n015-2018-11-21-19-38-26+0800__CAM_FRONT__1542800384912460.jpg,,,,
n015-2018-11-21-19-38-26+0800__CAM_FRONT__1542800385412460,v1.0-mini/samples\CAM_FRONT\n015-2018-11-21-19-38-26+0800__CAM_FRONT__1542800385412460.jpg,,,,
n015-2018-11-21-19-38-26+0800__CAM_FRONT__1542800385912460,v1.0-mini/samples\CAM_FRONT\n015-2018-11-21-19-38-26+0800__CAM_FRONT__1542800385912460.jpg,,,,
n015-2018-11-21-19-38-26+0800__CAM_FRONT__1542800386362460,v1.0-mini/samples\CAM_FRONT\n015-2018-11-21-19-38-26+0800__CAM_FRONT__1542800386362460.jpg,,,,
n015-2018-11-21-19-38-26+0800__CAM_FRONT__1542800386862460,v1.0-mini/samples\CAM_FRONT\n015-2018-11-21-19-38-26+0800__CAM_FRONT__1542800386862460.jpg,,,,
n015-2018-11-21-19-38-26+0800__CAM_FRONT__1542800387362460,v1.0-mini/samples\CAM_FRONT\n015-2018-11-21-19-38-26+0800__CAM_FRONT__1542800387362460.jpg,,,,
n015-2018-11-21-19-38-26+0800__CAM_FRONT__1542800387862460,v1.0-mini/samples\CAM_FRONT\n015-2018-11-21-19-38-26+0800__CAM_FRONT__1542800387862460.jpg,,,,
n015-2018-11-21-19-38-26+0800__CAM_FRONT__1542800847912460,v1.0-mini/samples\CAM_FRONT\n015-2018-11-21-19-38-26+0800__CAM_FRONT__1542800847912460.jpg,,,,
n015-2018-11-21-19-38-26+0800__CAM_FRONT__1542800848412460,v1.0-mini/samples\CAM_FRONT\n015-2018-11-21-19-38-26+0800__CAM_FRONT__1542800848412460.jpg,,,,
n015-2018-11-21-19-38-26+0800__CAM_FRONT__1542800848912460,v1.0-mini/samples\CAM_FRONT\n015-2018-11-21-19-38-26+0800__CAM_FRONT__1542800848912460.jpg,,,,
n015-2018-11-21-19-38-26+0800__CAM_FRONT__1542800849412460,v1.0-mini/samples\CAM_FRONT\n015-2018-11-21-19-38-26+0800__CAM_FRONT__1542800849412460.jpg,,,,
n015-2018-11-21-19-38-26+0800__CAM_FRONT__1542800849912460,v1.0-mini/samples\CAM_FRONT\n015-2018-11-21-19-38-26+0800__CAM_FRONT__1542800849912460.jpg,,,,
n015-2018-11-21-19-38-26+0800__CAM_FRONT__1542800850412460,v1.0-mini/samples\CAM_FRONT\n015-2018-11-21-19-38-26+0800__CAM_FRONT__1542800850412460.jpg,,,,
n015-2018-11-21-19-38-26+0800__CAM_FRONT__1542800850912460,v1.0-mini/samples\CAM_FRONT\n015-2018-11-21-19-38-26+0800__CAM_FRONT__1542800850912460.jpg,,,,
n015-2018-11-21-19-38-26+0800__CAM_FRONT__1542800851412460,v1.0-mini/samples\CAM_FRONT\n015-2018-11-21-19-38-26+0800__CAM_FRONT__1542800851412460.jpg,,,,
n015-2018-11-21-19-38-26+0800__CAM_FRONT__1542800851912460,v1.0-mini/samples\CAM_FRONT\n015-2018-11-21-19-38-26+0800__CAM_FRONT__1542800851912460.jpg,,,,
n015-2018-11-21-19-38-26+0800__CAM_FRONT__1542800852412460,v1.0-mini/samples\CAM_FRONT\n015-2018-11-21-19-38-26+0800__CAM_FRONT__1542800852412460.jpg,,,,
n015-2018-11-21-19-38-26+0800__CAM_FRONT__1542800852912460,v1.0-mini/samples\CAM_FRONT\n015-2018-11-21-19-38-26+0800__CAM_FRONT__1542800852912460.jpg,,,,
n015-2018-11-21-19-38-26+0800__CAM_FRONT__1542800853412460,v1.0-mini/samples\CAM_FRONT\n015-2018-11-21-19-38-26+0800__CAM_FRONT__1542800853412460.jpg,,,,
n015-2018-11-21-19-38-26+0800__CAM_FRONT__1542800853912460,v1.0-mini/samples\CAM_FRONT\n015-2018-11-21-19-38-26+0800__CAM_FRONT__1542800853912460.jpg,,,,
n015-2018-11-21-19-38-26+0800__CAM_FRONT__1542800854412460,v1.0-mini/samples\CAM_FRONT\n015-2018-11-21-19-38-26+0800__CAM_FRONT__1542800854412460.jpg,,,,
n015-2018-11-21-19-38-26+0800__CAM_FRONT__1542800854912460,v1.0-mini/samples\CAM_FRONT\n015-2018-11-21-19-38-26+0800__CAM_FRONT__1542800854912460.jpg,,,,
n015-2018-11-21-19-38-26+0800__CAM_FRONT__1542800855412460,v1.0-mini/samples\CAM_FRONT\n015-2018-11-21-19-38-26+0800__CAM_FRONT__1542800855412460.jpg,,,,
n015-2018-11-21-19-38-26+0800__CAM_FRONT__1542800855912460,v1.0-mini/samples\CAM_FRONT\n015-2018-11-21-19-38-26+0800__CAM_FRONT__1542800855912460.jpg,,,,
n015-2018-11-21-19-38-26+0800__CAM_FRONT__1542800856412460,v1.0-mini/samples\CAM_FRONT\n015-2018-11-21-19-38-26+0800__CAM_FRONT__1542800856412460.jpg,,,,
n015-2018-11-21-19-38-26+0800__CAM_FRONT__1542800856912460,v1.0-mini/samples\CAM_FRONT\n015-2018-11-21-19-38-26+0800__CAM_FRONT__1542800856912460.jpg,,,,
n015-2018-11-21-19-38-26+0800__CAM_FRONT__1542800857412460,v1.0-mini/samples\CAM_FRONT\n015-2018-11-21-19-38-26+0800__CAM_FRONT__1542800857412460.jpg,,,,
n015-2018-11-21-19-38-26+0800__CAM_FRONT__1542800857862460,v1.0-mini/samples\CAM_FRONT\n015-2018-11-21-19-38-26+0800__CAM_FRONT__1542800857862460.jpg,,,,
n015-2018-11-21-19-38-26+0800__CAM_FRONT__1542800858362460,v1.0-mini/samples\CAM_FRONT\n015-2018-11-21-19-38-26+0800__CAM_FRONT__1542800858362460.jpg,,,,
n015-2018-11-21-19-38-26+0800__CAM_FRONT__1542800858862460,v1.0-mini/samples\CAM_FRONT\n015-2018-11-21-19-38-26+0800__CAM_FRONT__1542800858862460.jpg,,,,
n015-2018-11-21-19-38-26+0800__CAM_FRONT__1542800859412460,v1.0-mini/samples\CAM_FRONT\n015-2018-11-21-19-38-26+0800__CAM_FRONT__1542800859412460.jpg,,,,
n015-2018-11-21-19-38-26+0800__CAM_FRONT__1542800859912460,v1.0-mini/samples\CAM_FRONT\n015-2018-11-21-19-38-26+0800__CAM_FRONT__1542800859912460.jpg,,,,
n015-2018-11-21-19-38-26+0800__CAM_FRONT__1542800860412460,v1.0-mini/samples\CAM_FRONT\n015-2018-11-21-19-38-26+0800__CAM_FRONT__1542800860412460.jpg,,,,
n015-2018-11-21-19-38-26+0800__CAM_FRONT__1542800860912460,v1.0-mini/samples\CAM_FRONT\n015-2018-11-21-19-38-26+0800__CAM_FRONT__1542800860912460.jpg,,,,
n015-2018-11-21-19-38-26+0800__CAM_FRONT__1542800861412460,v1.0-mini/samples\CAM_FRONT\n015-2018-11-21-19-38-26+0800__CAM_FRONT__1542800861412460.jpg,,,,
n015-2018-11-21-19-38-26+0800__CAM_FRONT__1542800861912460,v1.0-mini/samples\CAM_FRONT\n015-2018-11-21-19-38-26+0800__CAM_FRONT__1542800861912460.jpg,,,,
n015-2018-11-21-19-38-26+0800__CAM_FRONT__1542800862412460,v1.0-mini/samples\CAM_FRONT\n015-2018-11-21-19-38-26+0800__CAM_FRONT__1542800862412460.jpg,,,,
n015-2018-11-21-19-38-26+0800__CAM_FRONT__1542800862912460,v1.0-mini/samples\CAM_FRONT\n015-2018-11-21-19-38-26+0800__CAM_FRONT__1542800862912460.jpg,,,,
n015-2018-11-21-19-38-26+0800__CAM_FRONT__1542800863412460,v1.0-mini/samples\CAM_FRONT\n015-2018-11-21-19-38-26+0800__CAM_FRONT__1542800863412460.jpg,,,,
n015-2018-11-21-19-38-26+0800__CAM_FRONT__1542800863912460,v1.0-mini/samples\CAM_FRONT\n015-2018-11-21-19-38-26+0800__CAM_FRONT__1542800863912460.jpg,,,,
n015-2018-11-21-19-38-26+0800__CAM_FRONT__1542800864412460,v1.0-mini/samples\CAM_FRONT\n015-2018-11-21-19-38-26+0800__CAM_FRONT__1542800864412460.jpg,,,,
n015-2018-11-21-19-38-26+0800__CAM_FRONT__1542800864912460,v1.0-mini/samples\CAM_FRONT\n015-2018-11-21-19-38-26+0800__CAM_FRONT__1542800864912460.jpg,,,,
n015-2018-11-21-19-38-26+0800__CAM_FRONT__1542800865412815,v1.0-mini/samples\CAM_FRONT\n015-2018-11-21-19-38-26+0800__CAM_FRONT__1542800865412815.jpg,,,,
n015-2018-11-21-19-38-26+0800__CAM_FRONT__1542800865912460,v1.0-mini/samples\CAM_FRONT\n015-2018-11-21-19-38-26+0800__CAM_FRONT__1542800865912460.jpg,,,,
n015-2018-11-21-19-38-26+0800__CAM_FRONT__1542800866412467,v1.0-mini/samples\CAM_FRONT\n015-2018-11-21-19-38-26+0800__CAM_FRONT__1542800866412467.jpg,,,,
n015-2018-11-21-19-38-26+0800__CAM_FRONT__1542800866912460,v1.0-mini/samples\CAM_FRONT\n015-2018-11-21-19-38-26+0800__CAM_FRONT__1542800866912460.jpg,,,,
n015-2018-11-21-19-38-26+0800__CAM_FRONT__1542800867412460,v1.0-mini/samples\CAM_FRONT\n015-2018-11-21-19-38-26+0800__CAM_FRONT__1542800867412460.jpg,,,,
n015-2018-11-21-19-38-26+0800__CAM_FRONT__1542800987912460,v1.0-mini/samples\CAM_FRONT\n015-2018-11-21-19-38-26+0800__CAM_FRONT__1542800987912460.jpg,,,,
n015-2018-11-21-19-38-26+0800__CAM_FRONT__1542800988412460,v1.0-mini/samples\CAM_FRONT\n015-2018-11-21-19-38-26+0800__CAM_FRONT__1542800988412460.jpg,,,,
n015-2018-11-21-19-38-26+0800__CAM_FRONT__1542800988912460,v1.0-mini/samples\CAM_FRONT\n015-2018-11-21-19-38-26+0800__CAM_FRONT__1542800988912460.jpg,,,,
n015-2018-11-21-19-38-26+0800__CAM_FRONT__1542800989412460,v1.0-mini/samples\CAM_FRONT\n015-2018-11-21-19-38-26+0800__CAM_FRONT__1542800989412460.jpg,,,,
n015-2018-11-21-19-38-26+0800__CAM_FRONT__1542800989912460,v1.0-mini/samples\CAM_FRONT\n015-2018-11-21-19-38-26+0800__CAM_FRONT__1542800989912460.jpg,,,,
n015-2018-11-21-19-38-26+0800__CAM_FRONT__1542800990412460,v1.0-mini/samples\CAM_FRONT\n015-2018-11-21-19-38-26+0800__CAM_FRONT__1542800990412460.jpg,,,,
n015-2018-11-21-19-38-26+0800__CAM_FRONT__1542800990912460,v1.0-mini/samples\CAM_FRONT\n015-2018-11-21-19-38-26+0800__CAM_FRONT__1542800990912460.jpg,,,,
n015-2018-11-21-19-38-26+0800__CAM_FRONT__1542800991412460,v1.0-mini/samples\CAM_FRONT\n015-2018-11-21-19-38-26+0800__CAM_FRONT__1542800991412460.jpg,,,,
n015-2018-11-21-19-38-26+0800__CAM_FRONT__1542800991912460,v1.0-mini/samples\CAM_FRONT\n015-2018-11-21-19-38-26+0800__CAM_FRONT__1542800991912460.jpg,,,,
n015-2018-11-21-19-38-26+0800__CAM_FRONT__1542800992412460,v1.0-mini/samples\CAM_FRONT\n015-2018-11-21-19-38-26+0800__CAM_FRONT__1542800992412460.jpg,,,,
n015-2018-11-21-19-38-26+0800__CAM_FRONT__1542800992862460,v1.0-mini/samples\CAM_FRONT\n015-2018-11-21-19-38-26+0800__CAM_FRONT__1542800992862460.jpg,,,,
n015-2018-11-21-19-38-26+0800__CAM_FRONT__1542800993362460,v1.0-mini/samples\CAM_FRONT\n015-2018-11-21-19-38-26+0800__CAM_FRONT__1542800993362460.jpg,,,,
n015-2018-11-21-19-38-26+0800__CAM_FRONT__1542800993862460,v1.0-mini/samples\CAM_FRONT\n015-2018-11-21-19-38-26+0800__CAM_FRONT__1542800993862460.jpg,,,,
n015-2018-11-21-19-38-26+0800__CAM_FRONT__1542800994362460,v1.0-mini/samples\CAM_FRONT\n015-2018-11-21-19-38-26+0800__CAM_FRONT__1542800994362460.jpg,,,,
n015-2018-11-21-19-38-26+0800__CAM_FRONT__1542800994862460,v1.0-mini/samples\CAM_FRONT\n015-2018-11-21-19-38-26+0800__CAM_FRONT__1542800994862460.jpg,,,,
n015-2018-11-21-19-38-26+0800__CAM_FRONT__1542800995362460,v1.0-mini/samples\CAM_FRONT\n015-2018-11-21-19-38-26+0800__CAM_FRONT__1542800995362460.jpg,,,,
n015-2018-11-21-19-38-26+0800__CAM_FRONT__1542800995862460,v1.0-mini/samples\CAM_FRONT\n015-2018-11-21-19-38-26+0800__CAM_FRONT__1542800995862460.jpg,,,,
n015-2018-11-21-19-38-26+0800__CAM_FRONT__1542800996412460,v1.0-mini/samples\CAM_FRONT\n015-2018-11-21-19-38-26+0800__CAM_FRONT__1542800996412460.jpg,,,,
n015-2018-11-21-19-38-26+0800__CAM_FRONT__1542800996912460,v1.0-mini/samples\CAM_FRONT\n015-2018-11-21-19-38-26+0800__CAM_FRONT__1542800996912460.jpg,,,,
n015-2018-11-21-19-38-26+0800__CAM_FRONT__1542800997412460,v1.0-mini/samples\CAM_FRONT\n015-2018-11-21-19-38-26+0800__CAM_FRONT__1542800997412460.jpg,,,,
n015-2018-11-21-19-38-26+0800__CAM_FRONT__1542800997912460,v1.0-mini/samples\CAM_FRONT\n015-2018-11-21-19-38-26+0800__CAM_FRONT__1542800997912460.jpg,,,,
n015-2018-11-21-19-38-26+0800__CAM_FRONT__1542800998362460,v1.0-mini/samples\CAM_FRONT\n015-2018-11-21-19-38-26+0800__CAM_FRONT__1542800998362460.jpg,,,,
n015-2018-11-21-19-38-26+0800__CAM_FRONT__1542800998912460,v1.0-mini/samples\CAM_FRONT\n015-2018-11-21-19-38-26+0800__CAM_FRONT__1542800998912460.jpg,,,,
n015-2018-11-21-19-38-26+0800__CAM_FRONT__1542800999412460,v1.0-mini/samples\CAM_FRONT\n015-2018-11-21-19-38-26+0800__CAM_FRONT__1542800999412460.jpg,,,,
n015-2018-11-21-19-38-26+0800__CAM_FRONT__1542800999912460,v1.0-mini/samples\CAM_FRONT\n015-2018-11-21-19-38-26+0800__CAM_FRONT__1542800999912460.jpg,,,,
n015-2018-11-21-19-38-26+0800__CAM_FRONT__1542801000412460,v1.0-mini/samples\CAM_FRONT\n015-2018-11-21-19-38-26+0800__CAM_FRONT__1542801000412460.jpg,,,,
n015-2018-11-21-19-38-26+0800__CAM_FRONT__1542801000912460,v1.0-mini/samples\CAM_FRONT\n015-2018-11-21-19-38-26+0800__CAM_FRONT__1542801000912460.jpg,,,,
n015-2018-11-21-19-38-26+0800__CAM_FRONT__1542801001412460,v1.0-mini/samples\CAM_FRONT\n015-2018-11-21-19-38-26+0800__CAM_FRONT__1542801001412460.jpg,,,,
n015-2018-11-21-19-38-26+0800__CAM_FRONT__1542801001912460,v1.0-mini/samples\CAM_FRONT\n015-2018-11-21-19-38-26+0800__CAM_FRONT__1542801001912460.jpg,,,,
n015-2018-11-21-19-38-26+0800__CAM_FRONT__1542801002412460,v1.0-mini/samples\CAM_FRONT\n015-2018-11-21-19-38-26+0800__CAM_FRONT__1542801002412460.jpg,,,,
n015-2018-11-21-19-38-26+0800__CAM_FRONT__1542801002912460,v1.0-mini/samples\CAM_FRONT\n015-2018-11-21-19-38-26+0800__CAM_FRONT__1542801002912460.jpg,,,,
n015-2018-11-21-19-38-26+0800__CAM_FRONT__1542801003412460,v1.0-mini/samples\CAM_FRONT\n015-2018-11-21-19-38-26+0800__CAM_FRONT__1542801003412460.jpg,,,,
n015-2018-11-21-19-38-26+0800__CAM_FRONT__1542801003912460,v1.0-mini/samples\CAM_FRONT\n015-2018-11-21-19-38-26+0800__CAM_FRONT__1542801003912460.jpg,,,,
n015-2018-11-21-19-38-26+0800__CAM_FRONT__1542801004412460,v1.0-mini/samples\CAM_FRONT\n015-2018-11-21-19-38-26+0800__CAM_FRONT__1542801004412460.jpg,,,,
n015-2018-11-21-19-38-26+0800__CAM_FRONT__1542801004912460,v1.0-mini/samples\CAM_FRONT\n015-2018-11-21-19-38-26+0800__CAM_FRONT__1542801004912460.jpg,,,,
n015-2018-11-21-19-38-26+0800__CAM_FRONT__1542801005412460,v1.0-mini/samples\CAM_FRONT\n015-2018-11-21-19-38-26+0800__CAM_FRONT__1542801005412460.jpg,,,,
n015-2018-11-21-19-38-26+0800__CAM_FRONT__1542801005912460,v1.0-mini/samples\CAM_FRONT\n015-2018-11-21-19-38-26+0800__CAM_FRONT__1542801005912460.jpg,,,,
n015-2018-11-21-19-38-26+0800__CAM_FRONT__1542801006412460,v1.0-mini/samples\CAM_FRONT\n015-2018-11-21-19-38-26+0800__CAM_FRONT__1542801006412460.jpg,,,,
n015-2018-11-21-19-38-26+0800__CAM_FRONT__1542801006912460,v1.0-mini/samples\CAM_FRONT\n015-2018-11-21-19-38-26+0800__CAM_FRONT__1542801006912460.jpg,,,,
n015-2018-11-21-19-38-26+0800__CAM_FRONT__1542801007412469,v1.0-mini/samples\CAM_FRONT\n015-2018-11-21-19-38-26+0800__CAM_FRONT__1542801007412469.jpg,,,,
n015-2018-11-21-19-38-26+0800__LIDAR_TOP__1542800367947576.pcd,,v1.0-mini/samples\LIDAR_TOP\n015-2018-11-21-19-38-26+0800__LIDAR_TOP__1542800367947576.pcd.bin,,,
n015-2018-11-21-19-38-26+0800__LIDAR_TOP__1542800368447460.pcd,,v1.0-mini/samples\LIDAR_TOP\n015-2018-11-21-19-38-26+0800__LIDAR_TOP__1542800368447460.pcd.bin,,,
n015-2018-11-21-19-38-26+0800__LIDAR_TOP__1542800368948430.pcd,,v1.0-mini/samples\LIDAR_TOP\n015-2018-11-21-19-38-26+0800__LIDAR_TOP__1542800368948430.pcd.bin,,,
n015-2018-11-21-19-38-26+0800__LIDAR_TOP__1542800369448339.pcd,,v1.0-mini/samples\LIDAR_TOP\n015-2018-11-21-19-38-26+0800__LIDAR_TOP__1542800369448339.pcd.bin,,,
n015-2018-11-21-19-38-26+0800__LIDAR_TOP__1542800369949334.pcd,,v1.0-mini/samples\LIDAR_TOP\n015-2018-11-21-19-38-26+0800__LIDAR_TOP__1542800369949334.pcd.bin,,,
n015-2018-11-21-19-38-26+0800__LIDAR_TOP__1542800370450291.pcd,,v1.0-mini/samples\LIDAR_TOP\n015-2018-11-21-19-38-26+0800__LIDAR_TOP__1542800370450291.pcd.bin,,,
n015-2018-11-21-19-38-26+0800__LIDAR_TOP__1542800370949037.pcd,,v1.0-mini/samples\LIDAR_TOP\n015-2018-11-21-19-38-26+0800__LIDAR_TOP__1542800370949037.pcd.bin,,,
n015-2018-11-21-19-38-26+0800__LIDAR_TOP__1542800371448359.pcd,,v1.0-mini/samples\LIDAR_TOP\n015-2018-11-21-19-38-26+0800__LIDAR_TOP__1542800371448359.pcd.bin,,,
n015-2018-11-21-19-38-26+0800__LIDAR_TOP__1542800371948272.pcd,,v1.0-mini/samples\LIDAR_TOP\n015-2018-11-21-19-38-26+0800__LIDAR_TOP__1542800371948272.pcd.bin,,,
n015-2018-11-21-19-38-26+0800__LIDAR_TOP__1542800372397808.pcd,,v1.0-mini/samples\LIDAR_TOP\n015-2018-11-21-19-38-26+0800__LIDAR_TOP__1542800372397808.pcd.bin,,,
n015-2018-11-21-19-38-26+0800__LIDAR_TOP__1542800372948008.pcd,,v1.0-mini/samples\LIDAR_TOP\n015-2018-11-21-19-38-26+0800__LIDAR_TOP__1542800372948008.pcd.bin,,,
n015-2018-11-21-19-38-26+0800__LIDAR_TOP__1542800373447883.pcd,,v1.0-mini/samples\LIDAR_TOP\n015-2018-11-21-19-38-26+0800__LIDAR_TOP__1542800373447883.pcd.bin,,,
n015-2018-11-21-19-38-26+0800__LIDAR_TOP__1542800373947765.pcd,,v1.0-mini/samples\LIDAR_TOP\n015-2018-11-21-19-38-26+0800__LIDAR_TOP__1542800373947765.pcd.bin,,,
n015-2018-11-21-19-38-26+0800__LIDAR_TOP__1542800374447637.pcd,,v1.0-mini/samples\LIDAR_TOP\n015-2018-11-21-19-38-26+0800__LIDAR_TOP__1542800374447637.pcd.bin,,,
n015-2018-11-21-19-38-26+0800__LIDAR_TOP__1542800374947539.pcd,,v1.0-mini/samples\LIDAR_TOP\n015-2018-11-21-19-38-26+0800__LIDAR_TOP__1542800374947539.pcd.bin,,,
n015-2018-11-21-19-38-26+0800__LIDAR_TOP__1542800375447384.pcd,,v1.0-mini/samples\LIDAR_TOP\n015-2018-11-21-19-38-26+0800__LIDAR_TOP__1542800375447384.pcd.bin,,,
n015-2018-11-21-19-38-26+0800__LIDAR_TOP__1542800375947245.pcd,,v1.0-mini/samples\LIDAR_TOP\n015-2018-11-21-19-38-26+0800__LIDAR_TOP__1542800375947245.pcd.bin,,,
n015-2018-11-21-19-38-26+0800__LIDAR_TOP__1542800376447154.pcd,,v1.0-mini/samples\LIDAR_TOP\n015-2018-11-21-19-38-26+0800__LIDAR_TOP__1542800376447154.pcd.bin,,,
n015-2018-11-21-19-38-26+0800__LIDAR_TOP__1542800376947003.pcd,,v1.0-mini/samples\LIDAR_TOP\n015-2018-11-21-19-38-26+0800__LIDAR_TOP__1542800376947003.pcd.bin,,,
n015-2018-11-21-19-38-26+0800__LIDAR_TOP__1542800377447456.pcd,,v1.0-mini/samples\LIDAR_TOP\n015-2018-11-21-19-38-26+0800__LIDAR_TOP__1542800377447456.pcd.bin,,,
n015-2018-11-21-19-38-26+0800__LIDAR_TOP__1542800377898133.pcd,,v1.0-mini/samples\LIDAR_TOP\n015-2018-11-21-19-38-26+0800__LIDAR_TOP__1542800377898133.pcd.bin,,,
n015-2018-11-21-19-38-26+0800__LIDAR_TOP__1542800378397983.pcd,,v1.0-mini/samples\LIDAR_TOP\n015-2018-11-21-19-38-26+0800__LIDAR_TOP__1542800378397983.pcd.bin,,,
n015-2018-11-21-19-38-26+0800__LIDAR_TOP__1542800378897841.pcd,,v1.0-mini/samples\LIDAR_TOP\n015-2018-11-21-19-38-26+0800__LIDAR_TOP__1542800378897841.pcd.bin,,,
n015-2018-11-21-19-38-26+0800__LIDAR_TOP__1542800379397716.pcd,,v1.0-mini/samples\LIDAR_TOP\n015-2018-11-21-19-38-26+0800__LIDAR_TOP__1542800379397716.pcd.bin,,,
n015-2018-11-21-19-38-26+0800__LIDAR_TOP__1542800379897591.pcd,,v1.0-mini/samples\LIDAR_TOP\n015-2018-11-21-19-38-26+0800__LIDAR_TOP__1542800379897591.pcd.bin,,,
n015-2018-11-21-19-38-26+0800__LIDAR_TOP__1542800380398024.pcd,,v1.0-mini/samples\LIDAR_TOP\n015-2018-11-21-19-38-26+0800__LIDAR_TOP__1542800380398024.pcd.bin,,,
n015-2018-11-21-19-38-26+0800__LIDAR_TOP__1542800380947696.pcd,,v1.0-mini/samples\LIDAR_TOP\n015-2018-11-21-19-38-26+0800__LIDAR_TOP__1542800380947696.pcd.bin,,,
n015-2018-11-21-19-38-26+0800__LIDAR_TOP__1542800381448102.pcd,,v1.0-mini/samples\LIDAR_TOP\n015-2018-11-21-19-38-26+0800__LIDAR_TOP__1542800381448102.pcd.bin,,,
n015-2018-11-21-19-38-26+0800__LIDAR_TOP__1542800381897652.pcd,,v1.0-mini/samples\LIDAR_TOP\n015-2018-11-21-19-38-26+0800__LIDAR_TOP__1542800381897652.pcd.bin,,,
n015-2018-11-21-19-38-26+0800__LIDAR_TOP__1542800382397543.pcd,,v1.0-mini/samples\LIDAR_TOP\n015-2018-11-21-19-38-26+0800__LIDAR_TOP__1542800382397543.pcd.bin,,,
n015-2018-11-21-19-38-26+0800__LIDAR_TOP__1542800382897959.pcd,,v1.0-mini/samples\LIDAR_TOP\n015-2018-11-21-19-38-26+0800__LIDAR_TOP__1542800382897959.pcd.bin,,,
n015-2018-11-21-19-38-26+0800__LIDAR_TOP__1542800383397856.pcd,,v1.0-mini/samples\LIDAR_TOP\n015-2018-11-21-19-38-26+0800__LIDAR_TOP__1542800383397856.pcd.bin,,,
n015-2018-11-21-19-38-26+0800__LIDAR_TOP__1542800383897713.pcd,,v1.0-mini/samples\LIDAR_TOP\n015-2018-11-21-19-38-26+0800__LIDAR_TOP__1542800383897713.pcd.bin,,,
n015-2018-11-21-19-38-26+0800__LIDAR_TOP__1542800384397580.pcd,,v1.0-mini/samples\LIDAR_TOP\n015-2018-11-21-19-38-26+0800__LIDAR_TOP__1542800384397580.pcd.bin,,,
n015-2018-11-21-19-38-26+0800__LIDAR_TOP__1542800384947787.pcd,,v1.0-mini/samples\LIDAR_TOP\n015-2018-11-21-19-38-26+0800__LIDAR_TOP__1542800384947787.pcd.bin,,,
n015-2018-11-21-19-38-26+0800__LIDAR_TOP__1542800385448218.pcd,,v1.0-mini/samples\LIDAR_TOP\n015-2018-11-21-19-38-26+0800__LIDAR_TOP__1542800385448218.pcd.bin,,,
n015-2018-11-21-19-38-26+0800__LIDAR_TOP__1542800385948086.pcd,,v1.0-mini/samples\LIDAR_TOP\n015-2018-11-21-19-38-26+0800__LIDAR_TOP__1542800385948086.pcd.bin,,,
n015-2018-11-21-19-38-26+0800__LIDAR_TOP__1542800386398207.pcd,,v1.0-mini/samples\LIDAR_TOP\n015-2018-11-21-19-38-26+0800__LIDAR_TOP__1542800386398207.pcd.bin,,,
n015-2018-11-21-19-38-26+0800__LIDAR_TOP__1542800386898102.pcd,,v1.0-mini/samples\LIDAR_TOP\n015-2018-11-21-19-38-26+0800__LIDAR_TOP__1542800386898102.pcd.bin,,,
n015-2018-11-21-19-38-26+0800__LIDAR_TOP__1542800387397971.pcd,,v1.0-mini/samples\LIDAR_TOP\n015-2018-11-21-19-38-26+0800__LIDAR_TOP__1542800387397971.pcd.bin,,,
n015-2018-11-21-19-38-26+0800__LIDAR_TOP__1542800387897823.pcd,,v1.0-mini/samples\LIDAR_TOP\n015-2018-11-21-19-38-26+0800__LIDAR_TOP__1542800387897823.pcd.bin,,,
n015-2018-11-21-19-38-26+0800__LIDAR_TOP__1542800847948119.pcd,,v1.0-mini/samples\LIDAR_TOP\n015-2018-11-21-19-38-26+0800__LIDAR_TOP__1542800847948119.pcd.bin,,,
n015-2018-11-21-19-38-26+0800__LIDAR_TOP__1542800848447981.pcd,,v1.0-mini/samples\LIDAR_TOP\n015-2018-11-21-19-38-26+0800__LIDAR_TOP__1542800848447981.pcd.bin,,,
n015-2018-11-21-19-38-26+0800__LIDAR_TOP__1542800848947897.pcd,,v1.0-mini/samples\LIDAR_TOP\n015-2018-11-21-19-38-26+0800__LIDAR_TOP__1542800848947897.pcd.bin,,,
n015-2018-11-21-19-38-26+0800__LIDAR_TOP__1542800849447179.pcd,,v1.0-mini/samples\LIDAR_TOP\n015-2018-11-21-19-38-26+0800__LIDAR_TOP__1542800849447179.pcd.bin,,,
n015-2018-11-21-19-38-26+0800__LIDAR_TOP__1542800849947059.pcd,,v1.0-mini/samples\LIDAR_TOP\n015-2018-11-21-19-38-26+0800__LIDAR_TOP__1542800849947059.pcd.bin,,,
n015-2018-11-21-19-38-26+0800__LIDAR_TOP__1542800850447485.pcd,,v1.0-mini/samples\LIDAR_TOP\n015-2018-11-21-19-38-26+0800__LIDAR_TOP__1542800850447485.pcd.bin,,,
n015-2018-11-21-19-38-26+0800__LIDAR_TOP__1542800850947378.pcd,,v1.0-mini/samples\LIDAR_TOP\n015-2018-11-21-19-38-26+0800__LIDAR_TOP__1542800850947378.pcd.bin,,,
n015-2018-11-21-19-38-26+0800__LIDAR_TOP__1542800851450143.pcd,,v1.0-mini/samples\LIDAR_TOP\n015-2018-11-21-19-38-26+0800__LIDAR_TOP__1542800851450143.pcd.bin,,,
n015-2018-11-21-19-38-26+0800__LIDAR_TOP__1542800851947705.pcd,,v1.0-mini/samples\LIDAR_TOP\n015-2018-11-21-19-38-26+0800__LIDAR_TOP__1542800851947705.pcd.bin,,,
n015-2018-11-21-19-38-26+0800__LIDAR_TOP__1542800852448091.pcd,,v1.0-mini/samples\LIDAR_TOP\n015-2018-11-21-19-38-26+0800__LIDAR_TOP__1542800852448091.pcd.bin,,,
n015-2018-11-21-19-38-26+0800__LIDAR_TOP__1542800852947478.pcd,,v1.0-mini/samples\LIDAR_TOP\n015-2018-11-21-19-38-26+0800__LIDAR_TOP__1542800852947478.pcd.bin,,,
n015-2018-11-21-19-38-26+0800__LIDAR_TOP__1542800853447313.pcd,,v1.0-mini/samples\LIDAR_TOP\n015-2018-11-21-19-38-26+0800__LIDAR_TOP__1542800853447313.pcd.bin,,,
n015-2018-11-21-19-38-26+0800__LIDAR_TOP__1542800853947736.pcd,,v1.0-mini/samples\LIDAR_TOP\n015-2018-11-21-19-38-26+0800__LIDAR_TOP__1542800853947736.pcd.bin,,,
n015-2018-11-21-19-38-26+0800__LIDAR_TOP__1542800854447717.pcd,,v1.0-mini/samples\LIDAR_TOP\n015-2018-11-21-19-38-26+0800__LIDAR_TOP__1542800854447717.pcd.bin,,,
n015-2018-11-21-19-38-26+0800__LIDAR_TOP__1542800854948033.pcd,,v1.0-mini/samples\LIDAR_TOP\n015-2018-11-21-19-38-26+0800__LIDAR_TOP__1542800854948033.pcd.bin,,,
n015-2018-11-21-19-38-26+0800__LIDAR_TOP__1542800855448455.pcd,,v1.0-mini/samples\LIDAR_TOP\n015-2018-11-21-19-38-26+0800__LIDAR_TOP__1542800855448455.pcd.bin,,,
n015-2018-11-21-19-38-26+0800__LIDAR_TOP__1542800855949460.pcd,,v1.0-mini/samples\LIDAR_TOP\n015-2018-11-21-19-38-26+0800__LIDAR_TOP__1542800855949460.pcd.bin,,,
n015-2018-11-21-19-38-26+0800__LIDAR_TOP__1542800856450419.pcd,,v1.0-mini/samples\LIDAR_TOP\n015-2018-11-21-19-38-26+0800__LIDAR_TOP__1542800856450419.pcd.bin,,,
n015-2018-11-21-19-38-26+0800__LIDAR_TOP__1542800856950302.pcd,,v1.0-mini/samples\LIDAR_TOP\n015-2018-11-21-19-38-26+0800__LIDAR_TOP__1542800856950302.pcd.bin,,,
n015-2018-11-21-19-38-26+0800__LIDAR_TOP__1542800857450187.pcd,,v1.0-mini/samples\LIDAR_TOP\n015-2018-11-21-19-38-26+0800__LIDAR_TOP__1542800857450187.pcd.bin,,,
n015-2018-11-21-19-38-26+0800__LIDAR_TOP__1542800857899729.pcd,,v1.0-mini/samples\LIDAR_TOP\n015-2018-11-21-19-38-26+0800__LIDAR_TOP__1542800857899729.pcd.bin,,,
n015-2018-11-21-19-38-26+0800__LIDAR_TOP__1542800858399042.pcd,,v1.0-mini/samples\LIDAR_TOP\n015-2018-11-21-19-38-26+0800__LIDAR_TOP__1542800858399042.pcd.bin,,,
n015-2018-11-21-19-38-26+0800__LIDAR_TOP__1542800858898923.pcd,,v1.0-mini/samples\LIDAR_TOP\n015-2018-11-21-19-38-26+0800__LIDAR_TOP__1542800858898923.pcd.bin,,,
n015-2018-11-21-19-38-26+0800__LIDAR_TOP__1542800859451995.pcd,,v1.0-mini/samples\LIDAR_TOP\n015-2018-11-21-19-38-26+0800__LIDAR_TOP__1542800859451995.pcd.bin,,,
n015-2018-11-21-19-38-26+0800__LIDAR_TOP__1542800859947349.pcd,,v1.0-mini/samples\LIDAR_TOP\n015-2018-11-21-19-38-26+0800__LIDAR_TOP__1542800859947349.pcd.bin,,,
n015-2018-11-21-19-38-26+0800__LIDAR_TOP__1542800860447226.pcd,,v1.0-mini/samples\LIDAR_TOP\n015-2018-11-21-19-38-26+0800__LIDAR_TOP__1542800860447226.pcd.bin,,,
n015-2018-11-21-19-38-26+0800__LIDAR_TOP__1542800860947086.pcd,,v1.0-mini/samples\LIDAR_TOP\n015-2018-11-21-19-38-26+0800__LIDAR_TOP__1542800860947086.pcd.bin,,,
n015-2018-11-21-19-38-26+0800__LIDAR_TOP__1542800861447555.pcd,,v1.0-mini/samples\LIDAR_TOP\n015-2018-11-21-19-38-26+0800__LIDAR_TOP__1542800861447555.pcd.bin,,,
n015-2018-11-21-19-38-26+0800__LIDAR_TOP__1542800861947962.pcd,,v1.0-mini/samples\LIDAR_TOP\n015-2018-11-21-19-38-26+0800__LIDAR_TOP__1542800861947962.pcd.bin,,,
n015-2018-11-21-19-38-26+0800__LIDAR_TOP__1542800862447900.pcd,,v1.0-mini/samples\LIDAR_TOP\n015-2018-11-21-19-38-26+0800__LIDAR_TOP__1542800862447900.pcd.bin,,,
n015-2018-11-21-19-38-26+0800__LIDAR_TOP__1542800862947705.pcd,,v1.0-mini/samples\LIDAR_TOP\n015-2018-11-21-19-38-26+0800__LIDAR_TOP__1542800862947705.pcd.bin,,,
n015-2018-11-21-19-38-26+0800__LIDAR_TOP__1542800863447572.pcd,,v1.0-mini/samples\LIDAR_TOP\n015-2018-11-21-19-38-26+0800__LIDAR_TOP__1542800863447572.pcd.bin,,,
n015-2018-11-21-19-38-26+0800__LIDAR_TOP__1542800863948003.pcd,,v1.0-mini/samples\LIDAR_TOP\n015-2018-11-21-19-38-26+0800__LIDAR_TOP__1542800863948003.pcd.bin,,,
n015-2018-11-21-19-38-26+0800__LIDAR_TOP__1542800864448454.pcd,,v1.0-mini/samples\LIDAR_TOP\n015-2018-11-21-19-38-26+0800__LIDAR_TOP__1542800864448454.pcd.bin,,,
n015-2018-11-21-19-38-26+0800__LIDAR_TOP__1542800864948320.pcd,,v1.0-mini/samples\LIDAR_TOP\n015-2018-11-21-19-38-26+0800__LIDAR_TOP__1542800864948320.pcd.bin,,,
n015-2018-11-21-19-38-26+0800__LIDAR_TOP__1542800865448238.pcd,,v1.0-mini/samples\LIDAR_TOP\n015-2018-11-21-19-38-26+0800__LIDAR_TOP__1542800865448238.pcd.bin,,,
n015-2018-11-21-19-38-26+0800__LIDAR_TOP__1542800865948074.pcd,,v1.0-mini/samples\LIDAR_TOP\n015-2018-11-21-19-38-26+0800__LIDAR_TOP__1542800865948074.pcd.bin,,,
n015-2018-11-21-19-38-26+0800__LIDAR_TOP__1542800866448494.pcd,,v1.0-mini/samples\LIDAR_TOP\n015-2018-11-21-19-38-26+0800__LIDAR_TOP__1542800866448494.pcd.bin,,,
n015-2018-11-21-19-38-26+0800__LIDAR_TOP__1542800866948361.pcd,,v1.0-mini/samples\LIDAR_TOP\n015-2018-11-21-19-38-26+0800__LIDAR_TOP__1542800866948361.pcd.bin,,,
n015-2018-11-21-19-38-26+0800__LIDAR_TOP__1542800867447688.pcd,,v1.0-mini/samples\LIDAR_TOP\n015-2018-11-21-19-38-26+0800__LIDAR_TOP__1542800867447688.pcd.bin,,,
n015-2018-11-21-19-38-26+0800__LIDAR_TOP__1542800987947699.pcd,,v1.0-mini/samples\LIDAR_TOP\n015-2018-11-21-19-38-26+0800__LIDAR_TOP__1542800987947699.pcd.bin,,,
n015-2018-11-21-19-38-26+0800__LIDAR_TOP__1542800988448155.pcd,,v1.0-mini/samples\LIDAR_TOP\n015-2018-11-21-19-38-26+0800__LIDAR_TOP__1542800988448155.pcd.bin,,,
n015-2018-11-21-19-38-26+0800__LIDAR_TOP__1542800988948006.pcd,,v1.0-mini/samples\LIDAR_TOP\n015-2018-11-21-19-38-26+0800__LIDAR_TOP__1542800988948006.pcd.bin,,,
n015-2018-11-21-19-38-26+0800__LIDAR_TOP__1542800989447876.pcd,,v1.0-mini/samples\LIDAR_TOP\n015-2018-11-21-19-38-26+0800__LIDAR_TOP__1542800989447876.pcd.bin,,,
n015-2018-11-21-19-38-26+0800__LIDAR_TOP__1542800989947775.pcd,,v1.0-mini/samples\LIDAR_TOP\n015-2018-11-21-19-38-26+0800__LIDAR_TOP__1542800989947775.pcd.bin,,,
n015-2018-11-21-19-38-26+0800__LIDAR_TOP__1542800990447665.pcd,,v1.0-mini/samples\LIDAR_TOP\n015-2018-11-21-19-38-26+0800__LIDAR_TOP__1542800990447665.pcd.bin,,,
n015-2018-11-21-19-38-26+0800__LIDAR_TOP__1542800990947514.pcd,,v1.0-mini/samples\LIDAR_TOP\n015-2018-11-21-19-38-26+0800__LIDAR_TOP__1542800990947514.pcd.bin,,,
n015-2018-11-21-19-38-26+0800__LIDAR_TOP__1542800991448017.pcd,,v1.0-mini/samples\LIDAR_TOP\n015-2018-11-21-19-38-26+0800__LIDAR_TOP__1542800991448017.pcd.bin,,,
n015-2018-11-21-19-38-26+0800__LIDAR_TOP__1542800991947811.pcd,,v1.0-mini/samples\LIDAR_TOP\n015-2018-11-21-19-38-26+0800__LIDAR_TOP__1542800991947811.pcd.bin,,,
n015-2018-11-21-19-38-26+0800__LIDAR_TOP__1542800992447751.pcd,,v1.0-mini/samples\LIDAR_TOP\n015-2018-11-21-19-38-26+0800__LIDAR_TOP__1542800992447751.pcd.bin,,,
n015-2018-11-21-19-38-26+0800__LIDAR_TOP__1542800992897804.pcd,,v1.0-mini/samples\LIDAR_TOP\n015-2018-11-21-19-38-26+0800__LIDAR_TOP__1542800992897804.pcd.bin,,,
n015-2018-11-21-19-38-26+0800__LIDAR_TOP__1542800993397691.pcd,,v1.0-mini/samples\LIDAR_TOP\n015-2018-11-21-19-38-26+0800__LIDAR_TOP__1542800993397691.pcd.bin,,,
n015-2018-11-21-19-38-26+0800__LIDAR_TOP__1542800993897003.pcd,,v1.0-mini/samples\LIDAR_TOP\n015-2018-11-21-19-38-26+0800__LIDAR_TOP__1542800993897003.pcd.bin,,,
n015-2018-11-21-19-38-26+0800__LIDAR_TOP__1542800994396889.pcd,,v1.0-mini/samples\LIDAR_TOP\n015-2018-11-21-19-38-26+0800__LIDAR_TOP__1542800994396889.pcd.bin,,,
n015-2018-11-21-19-38-26+0800__LIDAR_TOP__1542800994896757.pcd,,v1.0-mini/samples\LIDAR_TOP\n015-2018-11-21-19-38-26+0800__LIDAR_TOP__1542800994896757.pcd.bin,,,
n015-2018-11-21-19-38-26+0800__LIDAR_TOP__1542800995397176.pcd,,v1.0-mini/samples\LIDAR_TOP\n015-2018-11-21-19-38-26+0800__LIDAR_TOP__1542800995397176.pcd.bin,,,
n015-2018-11-21-19-38-26+0800__LIDAR_TOP__1542800995898163.pcd,,v1.0-mini/samples\LIDAR_TOP\n015-2018-11-21-19-38-26+0800__LIDAR_TOP__1542800995898163.pcd.bin,,,
n015-2018-11-21-19-38-26+0800__LIDAR_TOP__1542800996448383.pcd,,v1.0-mini/samples\LIDAR_TOP\n015-2018-11-21-19-38-26+0800__LIDAR_TOP__1542800996448383.pcd.bin,,,
n015-2018-11-21-19-38-26+0800__LIDAR_TOP__1542800996948806.pcd,,v1.0-mini/samples\LIDAR_TOP\n015-2018-11-21-19-38-26+0800__LIDAR_TOP__1542800996948806.pcd.bin,,,
n015-2018-11-21-19-38-26+0800__LIDAR_TOP__1542800997448664.pcd,,v1.0-mini/samples\LIDAR_TOP\n015-2018-11-21-19-38-26+0800__LIDAR_TOP__1542800997448664.pcd.bin,,,
n015-2018-11-21-19-38-26+0800__LIDAR_TOP__1542800997948536.pcd,,v1.0-mini/samples\LIDAR_TOP\n015-2018-11-21-19-38-26+0800__LIDAR_TOP__1542800997948536.pcd.bin,,,
n015-2018-11-21-19-38-26+0800__LIDAR_TOP__1542800998398646.pcd,,v1.0-mini/samples\LIDAR_TOP\n015-2018-11-21-19-38-26+0800__LIDAR_TOP__1542800998398646.pcd.bin,,,
n015-2018-11-21-19-38-26+0800__LIDAR_TOP__1542800998948303.pcd,,v1.0-mini/samples\LIDAR_TOP\n015-2018-11-21-19-38-26+0800__LIDAR_TOP__1542800998948303.pcd.bin,,,
n015-2018-11-21-19-38-26+0800__LIDAR_TOP__1542800999448167.pcd,,v1.0-mini/samples\LIDAR_TOP\n015-2018-11-21-19-38-26+0800__LIDAR_TOP__1542800999448167.pcd.bin,,,
n015-2018-11-21-19-38-26+0800__LIDAR_TOP__1542800999948064.pcd,,v1.0-mini/samples\LIDAR_TOP\n015-2018-11-21-19-38-26+0800__LIDAR_TOP__1542800999948064.pcd.bin,,,
n015-2018-11-21-19-38-26+0800__LIDAR_TOP__1542801000447918.pcd,,v1.0-mini/samples\LIDAR_TOP\n015-2018-11-21-19-38-26+0800__LIDAR_TOP__1542801000447918.pcd.bin,,,
n015-2018-11-21-19-38-26+0800__LIDAR_TOP__1542801000947820.pcd,,v1.0-mini/samples\LIDAR_TOP\n015-2018-11-21-19-38-26+0800__LIDAR_TOP__1542801000947820.pcd.bin,,,
n015-2018-11-21-19-38-26+0800__LIDAR_TOP__1542801001447119.pcd,,v1.0-mini/samples\LIDAR_TOP\n015-2018-11-21-19-38-26+0800__LIDAR_TOP__1542801001447119.pcd.bin,,,
n015-2018-11-21-19-38-26+0800__LIDAR_TOP__1542801001947564.pcd,,v1.0-mini/samples\LIDAR_TOP\n015-2018-11-21-19-38-26+0800__LIDAR_TOP__1542801001947564.pcd.bin,,,
n015-2018-11-21-19-38-26+0800__LIDAR_TOP__1542801002447972.pcd,,v1.0-mini/samples\LIDAR_TOP\n015-2018-11-21-19-38-26+0800__LIDAR_TOP__1542801002447972.pcd.bin,,,
n015-2018-11-21-19-38-26+0800__LIDAR_TOP__1542801002947855.pcd,,v1.0-mini/samples\LIDAR_TOP\n015-2018-11-21-19-38-26+0800__LIDAR_TOP__1542801002947855.pcd.bin,,,
n015-2018-11-21-19-38-26+0800__LIDAR_TOP__1542801003447741.pcd,,v1.0-mini/samples\LIDAR_TOP\n015-2018-11-21-19-38-26+0800__LIDAR_TOP__1542801003447741.pcd.bin,,,
n015-2018-11-21-19-38-26+0800__LIDAR_TOP__1542801003948191.pcd,,v1.0-mini/samples\LIDAR_TOP\n015-2018-11-21-19-38-26+0800__LIDAR_TOP__1542801003948191.pcd.bin,,,
n015-2018-11-21-19-38-26+0800__LIDAR_TOP__1542801004447480.pcd,,v1.0-mini/samples\LIDAR_TOP\n015-2018-11-21-19-38-26+0800__LIDAR_TOP__1542801004447480.pcd.bin,,,
n015-2018-11-21-19-38-26+0800__LIDAR_TOP__1542801004947354.pcd,,v1.0-mini/samples\LIDAR_TOP\n015-2018-11-21-19-38-26+0800__LIDAR_TOP__1542801004947354.pcd.bin,,,
n015-2018-11-21-19-38-26+0800__LIDAR_TOP__1542801005447229.pcd,,v1.0-mini/samples\LIDAR_TOP\n015-2018-11-21-19-38-26+0800__LIDAR_TOP__1542801005447229.pcd.bin,,,
n015-2018-11-21-19-38-26+0800__LIDAR_TOP__1542801005947122.pcd,,v1.0-mini/samples\LIDAR_TOP\n015-2018-11-21-19-38-26+0800__LIDAR_TOP__1542801005947122.pcd.bin,,,
n015-2018-11-21-19-38-26+0800__LIDAR_TOP__1542801006446992.pcd,,v1.0-mini/samples\LIDAR_TOP\n015-2018-11-21-19-38-26+0800__LIDAR_TOP__1542801006446992.pcd.bin,,,
n015-2018-11-21-19-38-26+0800__LIDAR_TOP__1542801006946864.pcd,,v1.0-mini/samples\LIDAR_TOP\n015-2018-11-21-19-38-26+0800__LIDAR_TOP__1542801006946864.pcd.bin,,,
n015-2018-11-21-19-38-26+0800__LIDAR_TOP__1542801007446751.pcd,,v1.0-mini/samples\LIDAR_TOP\n015-2018-11-21-19-38-26+0800__LIDAR_TOP__1542801007446751.pcd.bin,,,
